,index,CODIGO CENTRO,TIPO DE CENTRO,CENTRO,DOMICILIO,MUNICIPIO,DISTRITO MUNICIPAL,COD. POSTAL,TELEFONO,FAX,TITULARIDAD,AREA_TERRITORIAL,URL_CENTRO
2248,Madrid-Capital,28066417,CPR ES,COLEGIO SAN FRANCISCO,"Calle De La Fortaleza, 2 ",Madrid,Fuencarral-El Pardo,28048,913761599,913761935,Privado Concertado,Madrid-Capital,http://www.colegiosanfrancisco.es
2249,Madrid-Capital,28008703,CPR ES,EL PORVENIR,"Calle De Bravo Murillo, 85 ",Madrid,Chamberí,28003,915331337,915345492,Privado Concertado,Madrid-Capital,http://www.elporvenir.es
2250,Madrid-Capital,28007619,CPR ES,JESUS MARIA,"Calle De Los Hermanos García Noblejas, 68 ",Madrid,Ciudad Lineal,28037,913671660,913679204,Privado Concertado,Madrid-Capital,http://www.jesusmariagarcianoblejas.org
2251,Madrid-Capital,28027941,CPR ES,MARIA INMACULADA,"Calle De Fuencarral, 97 ",Madrid,Centro,28004,914489508,914939981,Privado Concertado,Madrid-Capital,http://www.educa.madrid.org/cc.minmaculada.madrid
2252,Madrid-Capital,28019300,CPR ES,MARIA INMACULADA,"Calle De Ríos Rosas, 35 ",Madrid,Chamberí,28003,914410628,913990637,Privado Concertado,Madrid-Capital,http://www.educa.madrid.org/cc.minmaculada-riosrosas.madrid
2253,Madrid-Capital,28076344,CPR ES,NORTE JOVEN FUENCARRAL,"Calle De Ribadavia, 20 ",Madrid,Fuencarral-El Pardo,28029,917342398,917568851,Privado Concertado,Madrid-Capital,http://www.nortejoven.org
2254,Madrid-Capital,28013140,CPR ES,NUESTRA SEÑORA DE GRACIA,"Paseo De Gigantes Y Cabezudos, 12-14 ",Madrid,Villaverde,28041,913173225,913182886,Privado Concertado,Madrid-Capital,http://www.educa.madrid.org/cc.nsgracia.madrid
2255,Madrid-Capital,28006019,CPR ES,PADRE PIQUER,"Calle Del Cañaveral, 96 ",Madrid,Tetuán,28029,913153947,913231744,Privado Concertado,Madrid-Capital,http://www.padrepiquer.es
2256,Madrid-Capital,28022505,CPR ES,PRIMERO DE MAYO,"Calle De Los Barros, 11 ",Madrid,Puente de Vallecas,28053,917858955,91 7853571,Privado Concertado,Madrid-Capital,http://www.fundacionjosemariadellanos.es
2257,Madrid-Capital,28020028,CPR ES,SANTA BARBARA,"Plaza De La Paja, 4 ",Madrid,Centro,28005,913652340,913669961,Privado Concertado,Madrid-Capital,https://www.centrosantabarbara.es/
2258,Madrid-Capital,28039657,CPR ES,SANTA ROSA DE LIMA,"Carretera De Canillas, 43 ",Madrid,Hortaleza,28043,913002420,913002420,Privado Concertado,Madrid-Capital,https://santarosadelimamadrid.es
2259,Madrid-Capital,28033382,CPR ES,VALDECÁS,"Calle De Javier De Miguel, 17 ",Madrid,Puente de Vallecas,28018,914785675,-,Privado Concertado,Madrid-Capital,http://www.valdecas.net.
2260,Madrid-Capital,28018514,CPR FPE,AFUERA II,"Carrera De San Francisco, 11 ",Madrid,Centro,28005,913653863,-,Privado Concertado,Madrid-Capital,http://www.afuera2.com
2264,Madrid-Capital,28074220,CPR FPE,C.E.S. FUENCARRAL,"Calle De Labastida, 13 ",Madrid,Fuencarral-El Pardo,28034,917292862,913580783,Privado Concertado,Madrid-Capital,http://www.cesfuencarral.com/
2266,Madrid-Capital,28060786,CPR FPE,ESCUELA EUROPEA AYUDANTES DE DIRECCION,"Calle De Juan Bravo, 69 ",Madrid,Salamanca,28006,914115320,-,Privado Concertado,Madrid-Capital,http://www.stcc.es
2267,Madrid-Capital,28032018,CPR FPE,ESCUELA POLITECNICA GINER,"Calle De Maqueda, 8 ",Madrid,Latina,28024,915181377,917110531,Privado Concertado,Madrid-Capital,http://www.escuelaginer.com
2268,Madrid-Capital,28020399,CPR FPE,ESCUELA PROFESIONAL JAVERIANA,"Calle De Alberto Aguilera, 8 ",Madrid,Chamberí,28015,914457350,914474425,Privado Concertado,Madrid-Capital,http://www.educa.madrid.org/cc.epjaveriana.madrid
2272,Madrid-Capital,28049614,CPR FPE,FUNDACION TOMILLO,"Calle De Albuñuelas, 13-15 ",Madrid,Usera,28041,917239353,-,Privado Concertado,Madrid-Capital,Sin web
2273,Madrid-Capital,28018563,CPR FPE,GONZALEZ CAÑADAS,"Calle De Fuencarral, 95 ",Madrid,Centro,28004,914489500,-,Privado Concertado,Madrid-Capital,http://www.educa.madrid.org/cc.gonzalezcanadas.madrid
2274,Madrid-Capital,28032110,CPR FPE,HEASE,"Calle De La Plata, 6 ",Madrid,Villaverde,28021,917977610,917975594,Privado Concertado,Madrid-Capital,http://www.educa.madrid.org/cc.hease.madrid
2276,Madrid-Capital,28022578,CPR FPE,JOSE RAMON OTERO,"Calle De Francisco Brizuela, 1 ",Madrid,Latina,28011,914635593,914644276,Privado Concertado,Madrid-Capital,https://www.jrotero.com/nuestro-centro/
2280,Madrid-Capital,28074281,CPR FPE,NELSON,"Calle De Donoso Cortés, 61 ",Madrid,Chamberí,28015,646265852,915495147,Privado Concertado,Madrid-Capital,http://www.centronelson.org
2282,Madrid-Capital,28022323,CPR FPE,TEIDE II,"Calle Mayor, 49 ",Madrid,Centro,28013,915483931,913487658,Privado Concertado,Madrid-Capital,http://www.teideformacion.com
2283,Madrid-Capital,28009884,CPR FPE,TEIDE IV,"Calle De Alcalá, 339 ",Madrid,Ciudad Lineal,28027,914087311,914080451,Privado Concertado,Madrid-Capital,http://www.educa.madrid.org/cc.teideiv.madrid
2284,Madrid-Capital,28018228,CPR FPE,VIRGEN DE LA LUZ,"Calle De Francisco Brizuela, 1 ",Madrid,Latina,28011,917254886,917254886,Privado Concertado,Madrid-Capital,www.centrocoviluz.com
2285,Madrid-Capital,28018061,CPR INF-PRI-SEC,AGORA,"Calle Del Marqués De Portugalete, 17 ",Madrid,Ciudad Lineal,28027,917421891,917421813,Privado Concertado,Madrid-Capital,http://www.educa.madrid.org/cc.agora.madrid
2286,Madrid-Capital,28015392,CPR INF-PRI-SEC,AGRUPACION ESCOLAR EUROPA,"Calle De Miguel Solas, 12 ",Madrid,Villaverde,28021,917955158,917968513,Privado Concertado,Madrid-Capital,http://www.educa.madrid.org/cc.aeeuropa.madrid
2287,Madrid-Capital,28019828,CPR INF-PRI-SEC,AGUSTINIANO,"Calle Del Pez Austral, 13 ",Madrid,Retiro,28007,915740000,914096201,Privado Concertado,Madrid-Capital,http://www.agustiniano.es
2293,Madrid-Capital,28011246,CPR INF-PRI-SEC,AMOR DE DIOS,"Calle De Gutiérrez Canales, 15 ",Madrid,San Blas-Canillejas,28022,917410114,917415820,Privado Concertado,Madrid-Capital,http://www.educa.madrid.org/cc.amordedios.madrid
2295,Madrid-Capital,28011258,CPR INF-PRI-SEC,AMOR MISERICORDIOSO,"Paseo De San Francisco De Sales, 42 ",Madrid,Chamberí,28003,915332233,915332507,Privado Concertado,Madrid-Capital,http://www.coamimadrid.es
2296,Madrid-Capital,28011261,CPR INF-PRI-SEC,AMOROS,"Calle De Gómez De Arteche, 28 ",Madrid,Carabanchel,28044,915111130,915083064,Privado Concertado,Madrid-Capital,http://www.colegioamoros.org
2301,Madrid-Capital,28010436,CPR INF-PRI-SEC,ASUNCION CUESTABLANCA,"Calle Asunción Cuestablanca, 11 ",Madrid,Hortaleza,28050,913020549,917662234,Privado Concertado,Madrid-Capital,http://www.educa.madrid.org/cc.asuncioncuestablanca.madrid
2302,Madrid-Capital,28012962,CPR INF-PRI-SEC,ASUNCION-VALLECAS,"Calle De Montseny, 25 ",Madrid,Puente de Vallecas,28038,914336991,915520042,Privado Concertado,Madrid-Capital,http://www.asuncionvallecas.es
2303,Madrid-Capital,28015550,CPR INF-PRI-SEC,AZORIN,"Calle De Arzúa, 28 ",Madrid,Hortaleza,28033,913821720,917630722,Privado Concertado,Madrid-Capital,http://www.colegioazorin.com
2305,Madrid-Capital,28006809,CPR INF-PRI-SEC,BEATA FILIPINA-FUND.FELICIANA VIERTOLA,"Calle De José De Cadalso, 50 ",Madrid,Latina,28044,917063021,917063021,Privado Concertado,Madrid-Capital,Sin web
2306,Madrid-Capital,28005131,CPR INF-PRI-SEC,BEATA MARIA ANA DE JESUS,"Calle De Guillermo De Osma, 10 ",Madrid,Arganzuela,28045,914735558,913545186,Privado Concertado,Madrid-Capital,http://www.bmajesus.es
2307,Madrid-Capital,28021690,CPR INF-PRI-SEC,BERNADETTE,"Calle De Santa Bernardita, 1 ",Madrid,Moncloa-Aravaca,28023,913071146,913070494,Privado Concertado,Madrid-Capital,http://www.educa.madrid.org/cc.bernadette.madrid
2308,Madrid-Capital,28022414,CPR INF-PRI-SEC,BIENAVENTURADA VIRGEN MARIA,"Calle De Cullera, 17 ",Madrid,Latina,28047,914623372,915251742,Privado Concertado,Madrid-Capital,www.irlandesasmadrid.org
2309,Madrid-Capital,28008107,CPR INF-PRI-SEC,BLANCA DE CASTILLA,"Paseo De Eduardo Dato, 2 ",Madrid,Chamberí,28010,914460398,915939922,Privado Concertado,Madrid-Capital,http://www.colegioblancadecastilla.es
2310,Madrid-Capital,28013103,CPR INF-PRI-SEC,CALASANCIO NUESTRA SEÑORA DE LAS ESCUELAS PIAS,"Calle Del Conde De Peñalver, 51 ",Madrid,Salamanca,28006,914449400,914016433,Privado Concertado,Madrid-Capital,http://www.educa.madrid.org/cc.calasancio.madrid
2313,Madrid-Capital,28011477,CPR INF-PRI-SEC,CARDENAL SPINOLA,"Calle Del Cardenal Marcelo Spinola, 34 ",Madrid,Chamartín,28016,913022040,-,Privado Concertado,Madrid-Capital,www.colegiospinola.org
2314,Madrid-Capital,28020156,CPR INF-PRI-SEC,CASA DE LA VIRGEN,"Calle De La Virgen Del Val, 1 ",Madrid,Ciudad Lineal,28027,914041788,913269087,Privado Concertado,Madrid-Capital,http://www.educa.madrid.org/cc.casadelavirgen.madrid
2317,Madrid-Capital,28015094,CPR INF-PRI-SEC,CENTRO CULTURAL ELFO,"Calle Del Elfo, 74 ",Madrid,Ciudad Lineal,28027,913673653,914081287,Privado Concertado,Madrid-Capital,http://www.colegioelfo.com
2318,Madrid-Capital,28019142,CPR INF-PRI-SEC,CENTRO CULTURAL PALOMERAS,"Calle De Luis Marín, S/n ",Madrid,Puente de Vallecas,28038,917863865,917863865,Privado Concertado,Madrid-Capital,http://www.educa.madrid.org/cc.centroculturalpalomeras.madrid
2319,Madrid-Capital,28016271,CPR INF-PRI-SEC,CENTRO CULTURAL SALMANTINO,"Calle Del Puerto De Pajares, 6 ",Madrid,Puente de Vallecas,28053,914786571,914786571,Privado Concertado,Madrid-Capital,http://centroculturalsalmantino.com
2321,Madrid-Capital,28062497,CPR INF-PRI-SEC,CENTRO EDUCATIVO PONCE DE LEON,"Calle De Eduardo Barreiros, 6 ",Madrid,Usera,28041,913178441,913177715,Privado Concertado,Madrid-Capital,http://www.educa.madrid.org/cc.ipsponcedeleon.madrid
2326,Madrid-Capital,28020120,CPR INF-PRI-SEC,CHAMBERI,"Calle De Rafael Calvo, 12 ",Madrid,Chamberí,28010,914456250,914440340,Privado Concertado,Madrid-Capital,http://www.chamberi.es
2327,Madrid-Capital,28011593,CPR INF-PRI-SEC,CIUDAD DE LOS MUCHACHOS,"Calle De Santa Marta, 15 ",Madrid,Puente de Vallecas,28038,914342030,915017177,Privado Concertado,Madrid-Capital,http://www.ciudaddelosmuchachos.com
2330,Madrid-Capital,28015148,CPR INF-PRI-SEC,CLARET,"Calle De Corazón De María, 1 ",Madrid,Chamartín,28002,914152154,914167092,Privado Concertado,Madrid-Capital,Sin web
2331,Madrid-Capital,28069251,CPR INF-PRI-SEC,COLEGIO ABACO,"Avenida De La Peseta, 8 ",Madrid,Latina,28054,915114064,915081150,Privado Concertado,Madrid-Capital,http://www.educa.madrid.org/cc.abaco.madrid http://www.colegio-abaco.com
2332,Madrid-Capital,28037983,CPR INF-PRI-SEC,COLEGIO ADDIS,"Calle Vieja De Pinto, 15 ",Madrid,Villaverde,28021,917970422,-,Privado Concertado,Madrid-Capital,http://www.colegioaddis.es
2339,Madrid-Capital,28073151,CPR INF-PRI-SEC,COLEGIO ARENALES CARABANCHEL,"Avenida De Los Poblados, 151 ",Madrid,Carabanchel,28025,912250610,911984558,Privado Concertado,Madrid-Capital,www.carabanchel.colegioarenales.es
2340,Madrid-Capital,28067318,CPR INF-PRI-SEC,COLEGIO ARTICA,"Calle De Los Morales, 25 ",Madrid,Carabanchel,28054,915112615,914006071,Privado Concertado,Madrid-Capital,http://www.jrotero.com
2343,Madrid-Capital,28072132,CPR INF-PRI-SEC,COLEGIO CEU SAN PABLO EN SANCHINARRO,"Avenida Del Ingeniero Emilio Herrera, 45 ",Madrid,Hortaleza,28050,913923440,-,Privado Concertado,Madrid-Capital,Sin web
2345,Madrid-Capital,28022566,CPR INF-PRI-SEC,COLEGIO DE JESUS,"Calle Del Timón, 18 ",Madrid,Barajas,28042,917477022,-,Privado Concertado,Madrid-Capital,http://www.colegiodejesus.org
2346,Madrid-Capital,28005799,CPR INF-PRI-SEC,COLEGIO DIOCESANO MARIA INMACULADA - JOAQUIN TURINA,"Calle De Joaquín Turina, 62 ",Madrid,Carabanchel,28044,915092950,917051461,Privado Concertado,Madrid-Capital,http://www.educa.madrid.org/cc.mariainmaculadacarabanchel.madrid
2347,Madrid-Capital,28005787,CPR INF-PRI-SEC,COLEGIO DIOCESANO MARIA INMACULADA - MOGAMBO,"Calle De Mogambo, 5 ",Madrid,Puente de Vallecas,28018,917774651,917850880,Privado Concertado,Madrid-Capital,Sin web
2349,Madrid-Capital,28009781,CPR INF-PRI-SEC,COLEGIO ESCUELAS SANTISIMO SACRAMENTO,"Calle De María Auxiliadora, 9 ",Madrid,Moncloa-Aravaca,28040,914598763,913110735,Privado Concertado,Madrid-Capital,http://www.essacramentosalesianas.es/
2350,Madrid-Capital,28072144,CPR INF-PRI-SEC,COLEGIO ESTUDIANTES LAS TABLAS,"Calle De Fromista, 1 ",Madrid,Fuencarral-El Pardo,28050,918250075,916353597,Privado Concertado,Madrid-Capital,http://www.colegioestudiantes.es/
2351,Madrid-Capital,28069285,CPR INF-PRI-SEC,COLEGIO GAUDEM,"Calle De La Playa De Barlovento, 14 ",Madrid,Barajas,28042,913886477,913010182,Privado Concertado,Madrid-Capital,Sin web
2353,Madrid-Capital,28011775,CPR INF-PRI-SEC,COLEGIO INSTITUCION DEL DIVINO MAESTRO,"Calle De San Vicente Ferrer, 82 ",Madrid,Centro,28015,915329123,915213197,Privado Concertado,Madrid-Capital,http://www.educa.madrid.org/cc.instituciondivinomaestro.madrid
2354,Madrid-Capital,28064202,CPR INF-PRI-SEC,COLEGIO INTERNACIONAL J.H. NEWMAN,"Avenida De Guadalajara, 28-32 ",Madrid,San Blas-Canillejas,28032,917609184,913135739,Privado Concertado,Madrid-Capital,http://www.educa.madrid.org/cc.jhnewman.madrid
2356,Madrid-Capital,28015136,CPR INF-PRI-SEC,COLEGIO INTERNACIONAL NICOLI,"Paseo De Eduardo Dato, 4 ",Madrid,Chamberí,28010,913082030,913083832,Privado Concertado,Madrid-Capital,http://www.educa.madrid.org/cc.gnicoli.madrid
2361,Madrid-Capital,28013048,CPR INF-PRI-SEC,COLEGIO LA MILAGROSA,"Calle De Monseñor Oscar Romero, 54 ",Madrid,Carabanchel,28025,914623066,914623133,Privado Concertado,Madrid-Capital,Sin web
2362,Madrid-Capital,28013851,CPR INF-PRI-SEC,COLEGIO LA SALLE SAN RAFAEL,"Calle De Fernando El Católico, 49 ",Madrid,Chamberí,28015,915447395,915432703,Privado Concertado,Madrid-Capital,http://www.educa.madrid.org/cc.lasallesanrafael.madrid
2368,Madrid-Capital,28016694,CPR INF-PRI-SEC,COLEGIO NUESTRA SEÑORA DE LORETO FESD,"Calle Del Príncipe De Vergara, 42 ",Madrid,Salamanca,28001,915765008,915772838,Privado Concertado,Madrid-Capital,Sin web
2369,Madrid-Capital,28007309,CPR INF-PRI-SEC,COLEGIO NUEVO EQUIPO,"Calle De López De Aranda, 5 ",Madrid,Ciudad Lineal,28027,917421611,-,Privado Concertado,Madrid-Capital,http://www.educa.madrid.org/cc.nuevoequipo.madrid
2375,Madrid-Capital,28015033,CPR INF-PRI-SEC,COLEGIO SAN PEDRO APOSTOL,"Calle De Babilonia, 19 ",Madrid,Barajas,28042,913055605,913056074,Privado Concertado,Madrid-Capital,http://www.sanpedroapostol.es
2377,Madrid-Capital,28014685,CPR INF-PRI-SEC,COLEGIO SENARA,"Avenida De Moratalaz, 178 ",Madrid,Moratalaz,28030,913016070,913016075,Privado Concertado,Madrid-Capital,Sin web
2378,Madrid-Capital,28073173,CPR INF-PRI-SEC,COLEGIO STELLA MARIS LA GAVIA,"Calle Peñaranda De Bracamonte C/v Entrepeñas, 9 ",Madrid,Villa de Vallecas,28051,913005070,913852359,Privado Concertado,Madrid-Capital,Sin web
2379,Madrid-Capital,28070846,CPR INF-PRI-SEC,COLEGIO TORREVILANO,"Calle Del Embalse De Navacerrada, 9 ",Madrid,Villa de Vallecas,28051,914945959,913851811,Privado Concertado,Madrid-Capital,http://www.educa.madrid.org/cc.torrevilano.madrid
2380,Madrid-Capital,28065747,CPR INF-PRI-SEC,COLEGIO VALDEFUENTES,"Calle De Ana De Austria, 6 ",Madrid,Hortaleza,28050,917188229,911441495,Privado Concertado,Madrid-Capital,http://www.colegiovaldefuentes.es
2385,Madrid-Capital,28069273,CPR INF-PRI-SEC,COLEGIO VILLAMADRID,"Calle Transversal Sexta, 17 ",Madrid,Villaverde,28021,917979272,917964834,Privado Concertado,Madrid-Capital,http://www.colegiovillamadrid.com
2386,Madrid-Capital,28014958,CPR INF-PRI-SEC,COLEGIO VIRGEN DE MIRASIERRA,"Calle De La Maso, 103 ",Madrid,Fuencarral-El Pardo,28034,917387300,917399195,Privado Concertado,Madrid-Capital,Sin web
2387,Madrid-Capital,28035275,CPR INF-PRI-SEC,COMUNIDAD INFANTIL DE VILLAVERDE,"Calle De Villastar, 10 ",Madrid,Villaverde,28021,917950884,917100331,Privado Concertado,Madrid-Capital,Sin web
2388,Madrid-Capital,28011647,CPR INF-PRI-SEC,CORAZON DE MARIA,"Calle De Zigia, 1 ",Madrid,Ciudad Lineal,28027,913671269,-,Privado Concertado,Madrid-Capital,http://www.colegiocorazondemaria.es
2389,Madrid-Capital,28011635,CPR INF-PRI-SEC,CORAZON INMACULADO,"Calle De López De Hoyos, 59 ",Madrid,Chamartín,28002,915618049,915614089,Privado Concertado,Madrid-Capital,www.corazoninmaculado.es
2390,Madrid-Capital,28011659,CPR INF-PRI-SEC,CORPUS CHRISTI,"Calle De Amara, 4 ",Madrid,Ciudad Lineal,28027,913679327,914086723,Privado Concertado,Madrid-Capital,http://www.educa.madrid.org/cc.corpuschristi.madrid
2391,Madrid-Capital,28007139,CPR INF-PRI-SEC,CRISTO REY,"Calle De Santa Úrsula, 5 ",Madrid,Latina,28011,914636445,915260656,Privado Concertado,Madrid-Capital,http://www.colegiocristorey.org
2393,Madrid-Capital,28007127,CPR INF-PRI-SEC,CRISTO REY,"Avenida De San Luis, 29 ",Madrid,Hortaleza,28033,913021636,917668471,Privado Concertado,Madrid-Capital,http://www.colegiocristoreymadrid.es
2394,Madrid-Capital,28011726,CPR INF-PRI-SEC,DECROLY,"Calle De Guzmán El Bueno, 60 ",Madrid,Chamberí,28015,915492505,915492509,Privado Concertado,Madrid-Capital,http://www.educa.madrid.org/cc.decroly.madrid
2395,Madrid-Capital,28011763,CPR INF-PRI-SEC,DIVINA PASTORA,"Calle De Emilio Ortuño, 13 ",Madrid,Puente de Vallecas,28038,914331150,914331251,Privado Concertado,Madrid-Capital,http://www.educa.madrid.org/cc.divinapastora.madrid
2397,Madrid-Capital,28015902,CPR INF-PRI-SEC,DIVINA PASTORA,"Calle De Santa Engracia, 142 ",Madrid,Chamberí,28003,915341012,915538504,Privado Concertado,Madrid-Capital,http://www.divinapastoramad.com
2398,Madrid-Capital,28005295,CPR INF-PRI-SEC,DIVINO CORAZON,"Calle Del Divino Redentor, 55-57 ",Madrid,Tetuán,28029,913158107,913150210,Privado Concertado,Madrid-Capital,Sin web
2399,Madrid-Capital,28010540,CPR INF-PRI-SEC,DIVINO MAESTRO,"Paseo De Extremadura, 165 ",Madrid,Latina,28011,914649481,914640918,Privado Concertado,Madrid-Capital,Sin web
2400,Madrid-Capital,28069261,CPR INF-PRI-SEC,EDITH STEIN,"Calle Simca, 20 ",Madrid,Usera,28041,913412879,911739441,Privado Concertado,Madrid-Capital,Sin web
2402,Madrid-Capital,28006779,CPR INF-PRI-SEC,EL AVE MARIA,"Calle Del Doctor Salgado, 16 ",Madrid,Puente de Vallecas,28038,914306527,-,Privado Concertado,Madrid-Capital,http://www.avemarianas.org/madrid/colegio
2403,Madrid-Capital,28011490,CPR INF-PRI-SEC,EL CARMELO TERESIANO,"Calle De Nuñomoral, 1 ",Madrid,Latina,28044,917052427,917106655,Privado Concertado,Madrid-Capital,http://www.educa.madrid.org/cc.carmeloteresiano.madrid
2404,Madrid-Capital,28015847,CPR INF-PRI-SEC,EL CID,"Calle De San Cipriano, 34 ",Madrid,Vicálvaro,28032,917760262,917760262,Privado Concertado,Madrid-Capital,http://www.educa.madrid.org/cc.elcid.madrid
2407,Madrid-Capital,28049857,CPR INF-PRI-SEC,EL VALLE,"Calle De Cordel De Pavones, 2 ",Madrid,Vicálvaro,28032,917511510,917511693,Privado Concertado,Madrid-Capital,http://www.educa.madrid.org/cc.elvalle.madrid
2408,Madrid-Capital,28065735,CPR INF-PRI-SEC,EL VALLE II,"Calle De Ana De Austria, 60 ",Madrid,Hortaleza,28050,917188426,917188721,Privado Concertado,Madrid-Capital,http://www.educa.madrid.org/cc.valledos.madrid
2409,Madrid-Capital,28067321,CPR INF-PRI-SEC,EL VALLE III,"Calle De Cebreiro, 2 ",Madrid,Fuencarral-El Pardo,28050,914273503,914273055,Privado Concertado,Madrid-Capital,http://www.educa.madrid.org/cc.valletres.madrid
2410,Madrid-Capital,28008958,CPR INF-PRI-SEC,ENRIQUETA AYMER,"Calle De Mirabel, 38 ",Madrid,Latina,28044,917052100,915090212,Privado Concertado,Madrid-Capital,http://www.educa.madrid.org/cc.enriquetaaymer.madrid
2413,Madrid-Capital,28037971,CPR INF-PRI-SEC,ESPIRITU SANTO,"Calle De San Emilio, 54 ",Madrid,Ciudad Lineal,28017,914055439,914043803,Privado Concertado,Madrid-Capital,http://www.educa.madrid.org/cc.espiritusanto.madrid
2414,Madrid-Capital,28019348,CPR INF-PRI-SEC,FEC SANTA JOAQUINA DE VEDRUNA,"Travesia De Costa Brava, 3 ",Madrid,Fuencarral-El Pardo,28034,917340690,917344007,Privado Concertado,Madrid-Capital,http://www.educa.madrid.org/cc.sjvedruna.madrid
2415,Madrid-Capital,28011945,CPR INF-PRI-SEC,FRAY LUIS DE LEON,"Calle De Evaristo San Miguel, 10 ",Madrid,Moncloa-Aravaca,28008,915472400,915595192,Privado Concertado,Madrid-Capital,http://www.scjfrayluis.com
2418,Madrid-Capital,28037405,CPR INF-PRI-SEC,FUENTELARREYNA,"Calle De Ramón Gómez De La Serna, 24 ",Madrid,Fuencarral-El Pardo,28035,913732328,913862655,Privado Concertado,Madrid-Capital,http://www.colegiofuentelarreyna.org
2419,Madrid-Capital,28007395,CPR INF-PRI-SEC,FUNDACION CALDEIRO,"Avenida De Los Toreros, 45 ",Madrid,Salamanca,28028,917255200,917257300,Privado Concertado,Madrid-Capital,http://www.educa.madrid.org/cc.fundacioncaldeiro.madrid
2421,Madrid-Capital,28014478,CPR INF-PRI-SEC,FUNDACION SANTAMARCA,"Calle De Marcenado, 50 ",Madrid,Chamartín,28002,914158640,914159740,Privado Concertado,Madrid-Capital,Sin web
2422,Madrid-Capital,28011970,CPR INF-PRI-SEC,GAMO DIANA,"Calle De Tembleque, 104 ",Madrid,Latina,28024,917176946,917181358,Privado Concertado,Madrid-Capital,http://www.gamodiana.es
2428,Madrid-Capital,28067331,CPR INF-PRI-SEC,GSD LAS SUERTES,"Calle De Rafael De León, 10 ",Madrid,Villa de Vallecas,28051,913853505,913853404,Privado Concertado,Madrid-Capital,http://www.gsdeducacion.com/
2429,Madrid-Capital,28056886,CPR INF-PRI-SEC,GSD MORATALAZ,"Calle De Luis De Hoyos Sáinz, 170 ",Madrid,Moratalaz,28030,917723811,917723121,Privado Concertado,Madrid-Capital,https://www.gsdeducacion.com/
2430,Madrid-Capital,28045566,CPR INF-PRI-SEC,GSD VALLECAS,"Avenida Del Parque De Palomeras Bajas, 14 ",Madrid,Puente de Vallecas,28018,917853412,917853822,Privado Concertado,Madrid-Capital,https://www.gsdeducacion.com/
2435,Madrid-Capital,28015987,CPR INF-PRI-SEC,INMACULADA CONCEPCION,"Calle Del General Díaz Porlier, 25 ",Madrid,Salamanca,28001,914314420,915782732,Privado Concertado,Madrid-Capital,http://www.colegioinmaculadaconcepcion.org
2436,Madrid-Capital,28022475,CPR INF-PRI-SEC,INSTITUCION PROFESIONAL SALESIANA,"Ronda De Don Bosco, 3 ",Madrid,Carabanchel,28044,915087640,915086152,Privado Concertado,Madrid-Capital,http://www.salesianoscarabanchel.com
2440,Madrid-Capital,28007607,CPR INF-PRI-SEC,JESUS MAESTRO,"Calle De Juan Vigón, 8 ",Madrid,Chamberí,28003,915530807,915346613,Privado Concertado,Madrid-Capital,jesusmaestro.escuelateresiana.com
2441,Madrid-Capital,28012354,CPR INF-PRI-SEC,JESUS MARIA,"Calle De Juan Bravo, 13 ",Madrid,Salamanca,28006,914319520,915781696,Privado Concertado,Madrid-Capital,http://www.educa.madrid.org/cc.jesusmaria.madrid
2443,Madrid-Capital,28036474,CPR INF-PRI-SEC,JUAN DE VALDES,"Avenida De Canillejas A Vicálvaro, 135 ",Madrid,San Blas-Canillejas,28022,913069750,913130262,Privado Concertado,Madrid-Capital,http://www.juandevaldes.es/es/inicio
2445,Madrid-Capital,28019270,CPR INF-PRI-SEC,LA INMACULADA,"Avenida De La Virgen Del Carmen, 13 ",Madrid,Hortaleza,28033,917634509,917644191,Privado Concertado,Madrid-Capital,http://www.educa.madrid.org/cc.lainmaculada.madrid
2448,Madrid-Capital,28021902,CPR INF-PRI-SEC,LA INMACULADA,"Calle De Navalperal, 9 ",Madrid,Moncloa-Aravaca,28035,914500608,914597867,Privado Concertado,Madrid-Capital,http://www.educa.madrid.org/cc.lainmaculada-moncloa.madrid
2450,Madrid-Capital,28012196,CPR INF-PRI-SEC,LA INMACULADA-MARILLAC,"Calle De García De Paredes, 37 ",Madrid,Chamberí,28010,914453534,915912834,Privado Concertado,Madrid-Capital,http://www.educa.madrid.org/cc.marillac.madrid
2452,Madrid-Capital,28021999,CPR INF-PRI-SEC,LA NATIVIDAD,"Calle De Torrox, 4 ",Madrid,Usera,28041,917924502,917924502,Privado Concertado,Madrid-Capital,http://www.educa.madrid.org/cc.lanatividad.madrid
2453,Madrid-Capital,28042498,CPR INF-PRI-SEC,LA PRESENTACION DE NUESTRA SEÑORA,"Plaza De La Vicalvarada, 1 ",Madrid,Vicálvaro,28032,917764323,917764672,Privado Concertado,Madrid-Capital,http://www.educa.madrid.org/cc.pnuestrasenora.madrid
2454,Madrid-Capital,28062217,CPR INF-PRI-SEC,LA PURISIMA,"Calle De Ricardo Ortiz, 29 ",Madrid,Ciudad Lineal,28017,917262805,913614212,Privado Concertado,Madrid-Capital,Sin web
2455,Madrid-Capital,28013863,CPR INF-PRI-SEC,LA SALLE,"Calle Blas Carrera, 50 ",Madrid,Latina,28044,917050011,917058368,Privado Concertado,Madrid-Capital,https://www.institucionlasalle.es/colegio/
2457,Madrid-Capital,28008934,CPR INF-PRI-SEC,LA SALLE-SAGRADO CORAZON,"Avenida Del Cardenal Herrera Oria, 242 ",Madrid,Fuencarral-El Pardo,28035,917385300,917307493,Privado Concertado,Madrid-Capital,http://www.lasallesagradocorazon.es
2459,Madrid-Capital,28046901,CPR INF-PRI-SEC,LAS ROSAS,"Calle De Calabria C/v A Avda. De Niza, 24, 1 ",Madrid,San Blas-Canillejas,28022,913132334,917754987,Privado Concertado,Madrid-Capital,http://www.colegiolasrosas.es
2460,Madrid-Capital,28067409,CPR INF-PRI-SEC,LAS TABLAS VALVERDE,"Paseo De La Tierra De Melide, S/n ",Madrid,Fuencarral-El Pardo,28050,914273506,914273061,Privado Concertado,Madrid-Capital,Sin web
2462,Madrid-Capital,28011623,CPR INF-PRI-SEC,LICEO CONSUL,"Calle De Peironcely, 7 ",Madrid,Puente de Vallecas,28053,917858714,917858809,Privado Concertado,Madrid-Capital,http://www.educa.madrid.org/cc.liceoconsul.madrid
2463,Madrid-Capital,28015291,CPR INF-PRI-SEC,LICEO IBERICO,"Calle De Antonio Vicent, 58 ",Madrid,Carabanchel,28019,915691725,915691725,Privado Concertado,Madrid-Capital,http://www.educa.madrid.org/cc.liceoiberico.madrid
2464,Madrid-Capital,28013188,CPR INF-PRI-SEC,LICEO MADARIAGA,"Calle De Francisco Madariaga, 11 ",Madrid,Ciudad Lineal,28017,914061491,914061491,Privado Concertado,Madrid-Capital,Sin web
2466,Madrid-Capital,28011544,CPR INF-PRI-SEC,LICEO SOROLLA B,"Calle De Nueva Zelanda, 21 ",Madrid,Moncloa-Aravaca,28035,913164327,913736434,Privado Concertado,Madrid-Capital,http://www.educa.madrid.org/cc.liceosorollab.madrid
2467,Madrid-Capital,28017649,CPR INF-PRI-SEC,LICEO VERSALLES,"Calle Del Puerto De Somosierra, 9 ",Madrid,Villa de Vallecas,28031,913325654,913323151,Privado Concertado,Madrid-Capital,http://www.educa.madrid.org/cc.liceoversalles.madrid
2469,Madrid-Capital,28005738,CPR INF-PRI-SEC,LOPEZ VICUÑA,"Calle De Hinojal, 7 ",Madrid,San Blas-Canillejas,28037,913202969,913930032,Privado Concertado,Madrid-Capital,http://www.lopezvicu.es
2474,Madrid-Capital,28022104,CPR INF-PRI-SEC,LOS OLMOS,"Calle De Los Astros, 13 ",Madrid,Retiro,28007,914009866,914009867,Privado Concertado,Madrid-Capital,Sin web
2475,Madrid-Capital,28012032,CPR INF-PRI-SEC,LOS ROBLES,"Avenida De La Osa Mayor, 239 ",Madrid,Moncloa-Aravaca,28023,913070330,913572819,Privado Concertado,Madrid-Capital,http://www.colegiolosrobles.net
2476,Madrid-Capital,28067392,CPR INF-PRI-SEC,LOS TILOS,"Calle De El Bosco, S/n ",Madrid,Puente de Vallecas,28038,913451116,913598243,Privado Concertado,Madrid-Capital,Sin web
2477,Madrid-Capital,28020235,CPR INF-PRI-SEC,LOURDES,"Calle De San Roberto, 8 ",Madrid,Latina,28011,915180358,915184820,Privado Concertado,Madrid-Capital,Sin web
2479,Madrid-Capital,28012603,CPR INF-PRI-SEC,LUZ CASANOVA,"Calle De Madridejos, 34 ",Madrid,Usera,28026,914753146,914753146,Privado Concertado,Madrid-Capital,http://www.educa.madrid.org/cc.luzcasanova-usera.madrid
2480,Madrid-Capital,28012585,CPR INF-PRI-SEC,LUZ CASANOVA,"Calle De La Alondra, 18 ",Madrid,Carabanchel,28025,915254929,915254929,Privado Concertado,Madrid-Capital,http://www.luzcasanovamadrid.com
2481,Madrid-Capital,28007152,CPR INF-PRI-SEC,LUZ CASANOVA EMBAJADORES,"Calle De Aldea Del Fresno, 1 ",Madrid,Arganzuela,28045,914739150,914739150,Privado Concertado,Madrid-Capital,http://www.educa.madrid.org/cc.luzcasanova-arganzuela.madrid
2482,Madrid-Capital,28007826,CPR INF-PRI-SEC,MADRE DE DIOS,"Calle De Ángel Muñoz, 5 ",Madrid,Ciudad Lineal,28043,914158169,914139247,Privado Concertado,Madrid-Capital,http://www.educa.madrid.org/cc.madrededios.madrid
2483,Madrid-Capital,28007103,CPR INF-PRI-SEC,MADRES CONCEPCIONISTAS,"Calle De La Princesa, 19 ",Madrid,Moncloa-Aravaca,28008,915424901,915598313,Privado Concertado,Madrid-Capital,http://www.princesa.concepcionistas.es
2484,Madrid-Capital,28012779,CPR INF-PRI-SEC,MADRES MERCEDARIAS DE D. JUAN DE ALARCON,"Calle De Valverde, 15 ",Madrid,Centro,28004,915224615,915327756,Privado Concertado,Madrid-Capital,http://www.educa.madrid.org/cc.mmjuandealarcon.madrid
2489,Madrid-Capital,28020429,CPR INF-PRI-SEC,MARIA AUXILIADORA,"Calle De Villaamil, 18 ",Madrid,Tetuán,28039,913110750,913110462,Privado Concertado,Madrid-Capital,http://www.colegiomariaauxiliadora.org
2490,Madrid-Capital,28007917,CPR INF-PRI-SEC,MARIA INMACULADA,"Paseo Del General Martínez Campos, 18 ",Madrid,Chamberí,28010,914466119,914466870,Privado Concertado,Madrid-Capital,http://www.educa.madrid.org/cc.mariainmaculada-chamberi.madrid
2491,Madrid-Capital,28007942,CPR INF-PRI-SEC,MARIA REINA,"Calle De Gil Y Polo, 7 ",Madrid,Ciudad Lineal,28017,914075372,914075372,Privado Concertado,Madrid-Capital,http://www.educa.madrid.org/cc.mariareina.madrid
2492,Madrid-Capital,28007954,CPR INF-PRI-SEC,MARIA REINA,"Avenida De Orcasur, 42 ",Madrid,Usera,28041,913170237,913177644,Privado Concertado,Madrid-Capital,http://www.educa.madrid.org/cc.mariareina-usera.madrid
2493,Madrid-Capital,28012688,CPR INF-PRI-SEC,MARIA REINA,"Calle De Aranzueque, 4 ",Madrid,Moncloa-Aravaca,28023,913070294,91 3570834,Privado Concertado,Madrid-Capital,www.colegiomariareina.es
2495,Madrid-Capital,28019762,CPR INF-PRI-SEC,MARIA VIRGEN,"Calle Del Padre Damián, 20 ",Madrid,Chamartín,28036,913440163,913440907,Privado Concertado,Madrid-Capital,http://www.jesuitinasmariavirgen.es
2497,Madrid-Capital,28005842,CPR INF-PRI-SEC,MATER AMABILIS,"Calle De La Gavia Seca, 15 ",Madrid,Villa de Vallecas,28031,913324935,913323434,Privado Concertado,Madrid-Capital,http://www.educa.madrid.org/cc.materamabilis.madrid
2498,Madrid-Capital,28007991,CPR INF-PRI-SEC,MATER INMACULATA,"Calle De La Madre Antonia París, 1 ",Madrid,Ciudad Lineal,28027,914036200,-,Privado Concertado,Madrid-Capital,http://www.educa.madrid.org/cc.materinmaculata.madrid
2499,Madrid-Capital,28016712,CPR INF-PRI-SEC,MATER PURISSIMA,"Calle De La Madre Cándida María De Jesús, 4 ",Madrid,Usera,28026,914758054,915001210,Privado Concertado,Madrid-Capital,http://www.jesuitinasmater.es
2500,Madrid-Capital,28012767,CPR INF-PRI-SEC,MENESIANO,"Avenida De Brasilia, 11 ",Madrid,Salamanca,28028,917269804,910020597,Privado Concertado,Madrid-Capital,Sin web
2502,Madrid-Capital,28012846,CPR INF-PRI-SEC,MINERVA,"Calle De Villardondiego, 15 ",Madrid,Vicálvaro,28032,917762511,917762511,Privado Concertado,Madrid-Capital,http://www.colegiominerva.net
2503,Madrid-Capital,28008053,CPR INF-PRI-SEC,MIRASIERRA,"Calle De Ascao, 33 ",Madrid,Ciudad Lineal,28017,913673087,913675566,Privado Concertado,Madrid-Capital,http://www.educa.madrid.org/cc.mirasierra.madrid
2504,Madrid-Capital,28021975,CPR INF-PRI-SEC,MIRASOL,"Calle De Peña Dorada, 4 ",Madrid,Fuencarral-El Pardo,28034,917386100,917382088,Privado Concertado,Madrid-Capital,http://www.colegiomirasol.com
2507,Madrid-Capital,28011911,CPR INF-PRI-SEC,MONTPELLIER,"Calle De La Virgen Del Val, 7 ",Madrid,Ciudad Lineal,28027,914041100,91 4053511,Privado Concertado,Madrid-Capital,Sin web
2508,Madrid-Capital,28013292,CPR INF-PRI-SEC,MONTSERRAT,"Calle De Juan Esplandiu, 2 Bis ",Madrid,Retiro,28007,915737507,915740486,Privado Concertado,Madrid-Capital,http://www.colegiomontserrat.fuhem.es
2509,Madrid-Capital,28012901,CPR INF-PRI-SEC,NATIVIDAD DE NUESTRA SEÑORA,"Calle De Martínez Izquierdo, 8 ",Madrid,Salamanca,28028,913555686,917130855,Privado Concertado,Madrid-Capital,http://www.colegionatividadmadrid.es
2510,Madrid-Capital,28035044,CPR INF-PRI-SEC,NAZARET,"Calle Del Castillo De Uclés, 24 ",Madrid,San Blas-Canillejas,28037,913049368,913272543,Privado Concertado,Madrid-Capital,http://www.nazaretsanblas.org
2511,Madrid-Capital,28007191,CPR INF-PRI-SEC,NAZARET-OPORTO,"Calle De Las Clarisas, 4 ",Madrid,Carabanchel,28019,914714902,914722219,Privado Concertado,Madrid-Capital,Sin web
2512,Madrid-Capital,28022487,CPR INF-PRI-SEC,NERVION,"Calle Del Nervión, 2 ",Madrid,Chamartín,28002,915623030,915629180,Privado Concertado,Madrid-Capital,http://www.educa.madrid.org/cc.nervion.madrid
2515,Madrid-Capital,28022499,CPR INF-PRI-SEC,NUESTRA SEÑORA DE FATIMA,"Calle De Manuel Muñoz, 30 ",Madrid,Usera,28026,914757880,914761234,Privado Concertado,Madrid-Capital,http://www.educa.madrid.org/cc.nsdefatima.madrid
2517,Madrid-Capital,28013051,CPR INF-PRI-SEC,NUESTRA SEÑORA DE LA CONSOLACION,"Plaza De La Madre Molas, 2 ",Madrid,Chamartín,28036,913592905,-,Privado Concertado,Madrid-Capital,Sin web
2518,Madrid-Capital,28015586,CPR INF-PRI-SEC,NUESTRA SEÑORA DE LA ESTRELLA,"Calle Del Barco Sinaia, 1 ",Madrid,Puente de Vallecas,28038,914372234,914399551,Privado Concertado,Madrid-Capital,http://www.educa.madrid.org/cc.nsdelaestrella.madrid
2520,Madrid-Capital,28013280,CPR INF-PRI-SEC,NUESTRA SEÑORA DE LA MERCED,"Calle Del Poeta Blas De Otero, 5 ",Madrid,Ciudad Lineal,28017,913556394,913611306,Privado Concertado,Madrid-Capital,http://www.colegioseilamerced.com
2521,Madrid-Capital,28013255,CPR INF-PRI-SEC,NUESTRA SEÑORA DE LA MERCED,"Avenida De Alfonso Xiii, 165 ",Madrid,Chamartín,28016,913508706,913502909,Privado Concertado,Madrid-Capital,http://nsm.madrid.mercedariasdelacaridad.es
2522,Madrid-Capital,28015562,CPR INF-PRI-SEC,NUESTRA SEÑORA DE LA PROVIDENCIA,"Calle De Monederos, 2 ",Madrid,Usera,28026,914753009,915002239,Privado Concertado,Madrid-Capital,http://www.nsprovidencia.es
2524,Madrid-Capital,28031993,CPR INF-PRI-SEC,NUESTRA SEÑORA DE LA VEGA,"Calle De Chantada, 28 ",Madrid,Fuencarral-El Pardo,28029,917386700,917386060,Privado Concertado,Madrid-Capital,http://www.ntrasradelavega.com
2525,Madrid-Capital,28022633,CPR INF-PRI-SEC,NUESTRA SEÑORA DE LAS DELICIAS,"Paseo De Las Delicias, 67 ",Madrid,Arganzuela,28045,915274934,915280168,Privado Concertado,Madrid-Capital,http://www.educa.madrid.org/cc.nsdelasdelicias.madrid
2526,Madrid-Capital,28013115,CPR INF-PRI-SEC,NUESTRA SEÑORA DE LAS ESCUELAS PIAS,"Calle De Eugenia De Montijo, 83 ",Madrid,Carabanchel,28044,914654400,914654511,Privado Concertado,Madrid-Capital,http://www.escolapiascarabanchel.com
2527,Madrid-Capital,28013097,CPR INF-PRI-SEC,NUESTRA SEÑORA DE LAS ESCUELAS PIAS,"Calle De Ocaña, 191 ",Madrid,Latina,28047,917183685,-,Privado Concertado,Madrid-Capital,http://www.escolapiosaluche.com
2528,Madrid-Capital,28008405,CPR INF-PRI-SEC,NUESTRA SEÑORA DE LAS NIEVES,"Calle De Alcalá, 589 ",Madrid,San Blas-Canillejas,28022,917410009,917410009,Privado Concertado,Madrid-Capital,https://colegionuestrasradelasnieves.es/
2529,Madrid-Capital,28013450,CPR INF-PRI-SEC,NUESTRA SEÑORA DE LAS VICTORIAS,"Calle Del Apóstol Santiago, 72 ",Madrid,Ciudad Lineal,28017,914035303,914047292,Privado Concertado,Madrid-Capital,http://www.filipensesmadrid.net
2530,Madrid-Capital,28012949,CPR INF-PRI-SEC,NUESTRA SEÑORA DE LOS ANGELES,"Calle De La Canción Del Olvido, 55 ",Madrid,Villaverde,28041,913176203,913699397,Privado Concertado,Madrid-Capital,http://www.educa.madrid.org/cc.nsdelosangeles.madrid
2531,Madrid-Capital,28019592,CPR INF-PRI-SEC,NUESTRA SEÑORA DE LOS DOLORES,"Calle Del Tordo, 11 ",Madrid,Carabanchel,28019,914718954,914719959,Privado Concertado,Madrid-Capital,http://www.educa.madrid.org/cc.nsdolores.madrid
2533,Madrid-Capital,28030289,CPR INF-PRI-SEC,NUESTRA SEÑORA DE MORATALAZ,"Avenida De Moratalaz, 91 ",Madrid,Moratalaz,28030,914392146,914374881,Privado Concertado,Madrid-Capital,Sin web
2535,Madrid-Capital,28008223,CPR INF-PRI-SEC,NUESTRA SEÑORA DEL BUEN CONSEJO,"Calle De Ábalos, 5 ",Madrid,Ciudad Lineal,28043,914132551,914132551,Privado Concertado,Madrid-Capital,Sin web
2536,Madrid-Capital,28008211,CPR INF-PRI-SEC,NUESTRA SEÑORA DEL BUEN CONSEJO,"Calle De Juan Montalvo, 30 ",Madrid,Moncloa-Aravaca,28040,914561870,915358498,Privado Concertado,Madrid-Capital,http://www.buenconsejo-madrid.com
2538,Madrid-Capital,28013036,CPR INF-PRI-SEC,NUESTRA SEÑORA DEL CARMEN,"Avenida Real De Pinto, 41 ",Madrid,Villaverde,28021,917970146,-,Privado Concertado,Madrid-Capital,http://nscarmen.corazonistas.org/
2539,Madrid-Capital,28017844,CPR INF-PRI-SEC,NUESTRA SEÑORA DEL PILAR,"Calle De Sánchez Preciados, 62 ",Madrid,Moncloa-Aravaca,28039,914502012,-,Privado Concertado,Madrid-Capital,http://www.trilemamadrid.org
2540,Madrid-Capital,28008508,CPR INF-PRI-SEC,NUESTRA SEÑORA DEL PILAR,"Calle De San Benito, 6 ",Madrid,Tetuán,28029,913151215,913154061,Privado Concertado,Madrid-Capital,http://www.salesianasnsp.es
2541,Madrid-Capital,28008511,CPR INF-PRI-SEC,NUESTRA SEÑORA DEL PILAR,"Calle De Castelló, 56 ",Madrid,Salamanca,28001,915750404,915763890,Privado Concertado,Madrid-Capital,http://www.nspilar.com
2542,Madrid-Capital,28013371,CPR INF-PRI-SEC,NUESTRA SEÑORA DEL RECUERDO,"Plaza Del Duque De Pastrana, 5 ",Madrid,Chamartín,28036,913022640,913839668,Privado Concertado,Madrid-Capital,http://www.educa.madrid.org/cc.nsdelrecuerdo.madrid
2543,Madrid-Capital,28013401,CPR INF-PRI-SEC,NUESTRA SEÑORA DEL SAGRADO CORAZON,"Calle De La Grandeza Española, 89 ",Madrid,Latina,28011,914639400,914797260,Privado Concertado,Madrid-Capital,http://www.sagradocorazonfranciscanas.es
2544,Madrid-Capital,28034933,CPR INF-PRI-SEC,NUEVA CASTILLA,"Calle Mazaterón, 12 ",Madrid,Villa de Vallecas,28051,913315897,-,Privado Concertado,Madrid-Capital,http://www.educa.madrid.org/cc.nuevacastilla.madrid
2545,Madrid-Capital,28015653,CPR INF-PRI-SEC,OBISPO PERELLO,"Calle De La Virgen Del Sagrario, 22 ",Madrid,Ciudad Lineal,28027,914060000,914073547,Privado Concertado,Madrid-Capital,http://www.obispoperello.es
2546,Madrid-Capital,28008387,CPR INF-PRI-SEC,OBRA SO.N.S.MONTSERRAT-S.SIMON Y S.JUDAS,"Calle De Trévelez, 3 ",Madrid,Usera,28041,913175643,913172496,Privado Concertado,Madrid-Capital,http://www.colegiomontserrat.eu
2548,Madrid-Capital,28013838,CPR INF-PRI-SEC,PARAISO SAGRADOS CORAZONES,"Calle Del Padre Damián, 34 ",Madrid,Chamartín,28036,913441693,913440892,Privado Concertado,Madrid-Capital,http://www.educa.madrid.org/cc.paraisosagradoscorazones.madrid
2550,Madrid-Capital,28011209,CPR INF-PRI-SEC,PATROCINIO DE MARIA,"Calle De Umbría, 31 ",Madrid,Hortaleza,28043,913001605,913885326,Privado Concertado,Madrid-Capital,http://www.educa.madrid.org/cc.patrociniodemaria.madrid
2551,Madrid-Capital,28013504,CPR INF-PRI-SEC,PATROCINIO DE SAN JOSE,"Calle Del General Moscardó, 24 ",Madrid,Tetuán,28020,915359840,915359841,Privado Concertado,Madrid-Capital,http://www.educa.madrid.org/cc.patrociniodesanjose.madrid
2552,Madrid-Capital,28013565,CPR INF-PRI-SEC,PUREZA DE MARIA,"Calle De Lira, 10 ",Madrid,Retiro,28007,915736001,914091150,Privado Concertado,Madrid-Capital,http://www.educa.madrid.org/cc.purezademaria.madrid
2553,Madrid-Capital,28008791,CPR INF-PRI-SEC,PURISIMA CONCEPCION,"Calle De La Puebla, 20 ",Madrid,Centro,28004,915219758,915232836,Privado Concertado,Madrid-Capital,http://www.pconcepcion.escuelateresiana.com
2554,Madrid-Capital,28013590,CPR INF-PRI-SEC,RAFAELA YBARRA,"Avenida De Rafaela Ybarra, 73 ",Madrid,Usera,28026,915691205,915608041,Privado Concertado,Madrid-Capital,Sin web
2555,Madrid-Capital,28013607,CPR INF-PRI-SEC,RAIMUNDO LULIO,"Avenida De San Diego, 63 ",Madrid,Puente de Vallecas,28018,914781997,-,Privado Concertado,Madrid-Capital,http://www.raimundolulio.org
2557,Madrid-Capital,28013191,CPR INF-PRI-SEC,REAL COLEGIO NUESTRA SEÑORA DE LORETO,"Calle De O'donnell, 61 ",Madrid,Salamanca,28009,915733210,915737624,Privado Concertado,Madrid-Capital,http://www.educa.madrid.org/cc.realcolegionsloreto.madrid
2558,Madrid-Capital,28009549,CPR INF-PRI-SEC,REAL COLEGIO SANTA ISABEL-LA ASUNCION,"Calle De Santa Isabel, 46 ",Madrid,Centro,28012,915273183,915289845,Privado Concertado,Madrid-Capital,http://www.educa.madrid.org/cc.rcsantaisabel.madrid
2559,Madrid-Capital,28016256,CPR INF-PRI-SEC,REINADO DEL CORAZON DE JESUS,"Calle De Walía, 19 ",Madrid,Retiro,28007,915517462,915517939,Privado Concertado,Madrid-Capital,https://colegioreinadomadrid.es
2560,Madrid-Capital,28037791,CPR INF-PRI-SEC,RETIRO,"Calle Del Poeta Esteban De Villegas, S/n ",Madrid,Retiro,28014,914335813,915524642,Privado Concertado,Madrid-Capital,http://www.educa.madrid.org/cc.retiro.madrid
2562,Madrid-Capital,28046509,CPR INF-PRI-SEC,SAGRADA FAMILIA,"Calle De Oberón, 6 ",Madrid,Moratalaz,28030,913015281,913015287,Privado Concertado,Madrid-Capital,http://www.safamadrid.com
2564,Madrid-Capital,28013723,CPR INF-PRI-SEC,SAGRADA FAMILIA,"Calle De Jorge Juan, 165 ",Madrid,Salamanca,28028,913559055,913564995,Privado Concertado,Madrid-Capital,safajj.corazonistas.org
2565,Madrid-Capital,28013759,CPR INF-PRI-SEC,SAGRADA FAMILIA DE URGEL,"Avenida De Palomeras, 88 ",Madrid,Puente de Vallecas,28018,913031032,913031029,Privado Concertado,Madrid-Capital,http://www.safaurgelmadrid.com
2566,Madrid-Capital,28013772,CPR INF-PRI-SEC,SAGRADO CORAZON,"Paseo De Santa María De La Cabeza, 115 ",Madrid,Usera,28026,914765112,914755196,Privado Concertado,Madrid-Capital,http://www.educa.madrid.org/cc.sagradocorazon.madrid
2567,Madrid-Capital,28008892,CPR INF-PRI-SEC,SAGRADO CORAZON,"Calle De Santa Magdalena Sofía, 12 ",Madrid,Chamartín,28036,913023540,913839329,Privado Concertado,Madrid-Capital,http://www.chamartin.redsagradocorazon.es
2568,Madrid-Capital,28008910,CPR INF-PRI-SEC,SAGRADO CORAZON,"Calle De San Jaime, 21 ",Madrid,Villa de Vallecas,28031,913030140,-,Privado Concertado,Madrid-Capital,sagrado-corazon.net
2569,Madrid-Capital,28020107,CPR INF-PRI-SEC,SAGRADO CORAZON,"Plaza De La Madre María Ana Mogas, 12 ",Madrid,Fuencarral-El Pardo,28034,917340218,913720028,Privado Concertado,Madrid-Capital,http://www.sagradocorazonfuencarral.com
2570,Madrid-Capital,28008909,CPR INF-PRI-SEC,SAGRADO CORAZON,"Avenida De Alfonso Xiii, 127 ",Madrid,Chamartín,28016,913531380,913592142,Privado Concertado,Madrid-Capital,http://www.educa.madrid.org/cc.sagradocorazon-chamartin.madrid
2571,Madrid-Capital,28016268,CPR INF-PRI-SEC,SAGRADO CORAZON,"Calle De Don Pedro, 14 ",Madrid,Centro,28005,913653604,913540217,Privado Concertado,Madrid-Capital,http://www.sagradocorazonmadrid.com
2572,Madrid-Capital,28007292,CPR INF-PRI-SEC,SAGRADO CORAZON DE JESUS,"Paseo Del General Martínez Campos, 6 ",Madrid,Chamberí,28010,914454512,914469501,Privado Concertado,Madrid-Capital,www.colegioscjesusmartinezcampos.es
2573,Madrid-Capital,28013784,CPR INF-PRI-SEC,SAGRADO CORAZON DE JESUS,"Calle De Ferraz, 63 ",Madrid,Moncloa-Aravaca,28008,915490358,915499177,Privado Concertado,Madrid-Capital,ferraz.redsagradocorazon.es
2574,Madrid-Capital,28013802,CPR INF-PRI-SEC,SAGRADO CORAZON DE JESUS,"Calle De Valderribas, 2 ",Madrid,Retiro,28007,915511655,915515018,Privado Concertado,Madrid-Capital,http://www.educa.madrid.org/cc.scorazondejesus-retiro.madrid
2577,Madrid-Capital,28008946,CPR INF-PRI-SEC,SAGRADOS CORAZONES,"Calle De Martín De Los Heros, 91 ",Madrid,Moncloa-Aravaca,28008,915496750,915499764,Privado Concertado,Madrid-Capital,http://www.educa.madrid.org/cc.sagradoscorazones.madrid
2578,Madrid-Capital,28012640,CPR INF-PRI-SEC,SALESIANOS ATOCHA,"Ronda De Atocha, 27 ",Madrid,Arganzuela,28012,915062100,915304100,Privado Concertado,Madrid-Capital,Sin web
2581,Madrid-Capital,28015471,CPR INF-PRI-SEC,SAN AGUSTIN,"Calle Del Padre Damián, 18 ",Madrid,Chamartín,28036,914589620,913441271,Privado Concertado,Madrid-Capital,http://www.colegiosanagustin-madrid.org/
2582,Madrid-Capital,28016645,CPR INF-PRI-SEC,SAN ALBERTO MAGNO,"Travesia De Iván De Vargas, 1 ",Madrid,Carabanchel,28019,915693684,915651281,Privado Concertado,Madrid-Capital,http://www.colegiosam.com/
2583,Madrid-Capital,28013887,CPR INF-PRI-SEC,SAN ALFONSO,"Calle Del Mesón De Paredes, 78 ",Madrid,Centro,28012,915285705,-,Privado Concertado,Madrid-Capital,Sin web
2584,Madrid-Capital,28018711,CPR INF-PRI-SEC,SAN BERNARDO,"Avenida Del Manzanares, 20-22 ",Madrid,Latina,28011,913666413,913642084,Privado Concertado,Madrid-Capital,http://www.educa.madrid.org/cc.sanbernardo.madrid
2585,Madrid-Capital,28009033,CPR INF-PRI-SEC,SAN BUENAVENTURA,"Calle De El Greco, 16 ",Madrid,Latina,28011,915267161,914641687,Privado Concertado,Madrid-Capital,http://www.educa.madrid.org/cc.sanbuenaventura.madrid
2586,Madrid-Capital,28009082,CPR INF-PRI-SEC,SAN EULOGIO,"Calle De La Revoltosa, 17 ",Madrid,Villa de Vallecas,28031,913322848,917958608,Privado Concertado,Madrid-Capital,http://www.colegiosaneulogio.com
2587,Madrid-Capital,28013991,CPR INF-PRI-SEC,SAN FRANCISCO DE ASIS,"Calle De La Madre Carmen Del Niño Jesús, 7 ",Madrid,Chamartín,28002,915634404,915611239,Privado Concertado,Madrid-Capital,http://www.educa.madrid.org/cc.sanfranciscodeasis.madrid
2589,Madrid-Capital,28014570,CPR INF-PRI-SEC,SAN GABRIEL,"Calle De Eugenia De Montijo, 92 ",Madrid,Carabanchel,28025,914665121,914617026,Privado Concertado,Madrid-Capital,http://www.educa.madrid.org/cc.sangabriel.madrid
2592,Madrid-Capital,28009185,CPR INF-PRI-SEC,SAN JAIME APOSTOL,"Calle De Juan José Martínez Seco, 54 ",Madrid,Villaverde,28021,917980889,917230249,Privado Concertado,Madrid-Capital,Sin web
2593,Madrid-Capital,28009203,CPR INF-PRI-SEC,SAN JAVIER,"Paseo De Santa María De La Cabeza, 85 ",Madrid,Arganzuela,28045,914734216,914737568,Privado Concertado,Madrid-Capital,Sin web
2594,Madrid-Capital,28009264,CPR INF-PRI-SEC,SAN JOSE,"Calle De Moreno Nieto, 1 ",Madrid,Arganzuela,28005,913667203,913667202,Privado Concertado,Madrid-Capital,http://www.csanjosemorenonieto.com/
2596,Madrid-Capital,28009215,CPR INF-PRI-SEC,SAN JOSE,"Calle De Francisco Laguna, 21 ",Madrid,Puente de Vallecas,28053,914771158,914771158,Privado Concertado,Madrid-Capital,http://www.sanjose.anamogas.org
2597,Madrid-Capital,28017753,CPR INF-PRI-SEC,SAN JOSE,"Calle De Emilio Ferrari, 87 ",Madrid,Ciudad Lineal,28017,913674075,913774618,Privado Concertado,Madrid-Capital,http://www.salesianassanjose.es
2598,Madrid-Capital,28014065,CPR INF-PRI-SEC,SAN JOSE,"Calle De Pedro Escudero, 21-23 ",Madrid,Puente de Vallecas,28018,913035747,913035745,Privado Concertado,Madrid-Capital,http://www.educa.madrid.org/cc.sjose.madrid
2599,Madrid-Capital,28017741,CPR INF-PRI-SEC,SAN JOSE,"Calle Del Marqués De Viana, 43 ",Madrid,Tetuán,28039,915717414,915716433,Privado Concertado,Madrid-Capital,http://www.colegiosanjosemadrid.es
2602,Madrid-Capital,28020171,CPR INF-PRI-SEC,SAN JOSE-LUCERO,"Calle Del Palmípedo, 12 ",Madrid,Latina,28047,914647203,914631660,Privado Concertado,Madrid-Capital,http://www.educa.madrid.org/cc.sanjoselucero.madrid
2603,Madrid-Capital,28009291,CPR INF-PRI-SEC,SAN JUAN BAUTISTA,"Calle De Francos Rodríguez, 5 ",Madrid,Tetuán,28039,914500000,914501951,Privado Concertado,Madrid-Capital,http://www.salesianosestrecho.es
2607,Madrid-Capital,28017893,CPR INF-PRI-SEC,SAN MARTIN,"Avenida Del Doctor García Tapia, 106 ",Madrid,Moratalaz,28030,914390624,914300018,Privado Concertado,Madrid-Capital,http://www.educa.madrid.org/cc.sanmartin.madrid
2608,Madrid-Capital,28014193,CPR INF-PRI-SEC,SAN MIGUEL ARCANGEL,"Calle De Repullés Y Vargas, 11 ",Madrid,Latina,28011,914640050,911109965,Privado Concertado,Madrid-Capital,http://www.salesianospaseo.com
2609,Madrid-Capital,28014235,CPR INF-PRI-SEC,SAN PEDRO,"Calle De José Del Pino, 53 ",Madrid,Villaverde,28021,917979551,917979551,Privado Concertado,Madrid-Capital,http://www.csanpedro.org
2610,Madrid-Capital,28019725,CPR INF-PRI-SEC,SAN RAMON Y SAN ANTONIO,"Calle De Rodríguez Marín, 57 ",Madrid,Chamartín,28002,915637091,915637219,Privado Concertado,Madrid-Capital,http://www.colegiosanramonysanantonio.es
2611,Madrid-Capital,28046881,CPR INF-PRI-SEC,SAN SATURIO,"Calle De Sebastián Herrera, 21-23 ",Madrid,Arganzuela,28012,915394175,915397747,Privado Concertado,Madrid-Capital,http://www.educa.madrid.org/cc.sansaturio.madrid
2612,Madrid-Capital,28009446,CPR INF-PRI-SEC,SAN VIATOR,"Plaza De Fernández Ladreda, 2 ",Madrid,Usera,28026,915697003,915651608,Privado Concertado,Madrid-Capital,http://www.colegiosanviator.es
2613,Madrid-Capital,28009458,CPR INF-PRI-SEC,SAN VICENTE,"Calle Del Butrón, 33 ",Madrid,San Blas-Canillejas,28022,913067074,913067074,Privado Concertado,Madrid-Capital,http://www.COLEGIOCONCERTADOSANVICENTE.ES
2614,Madrid-Capital,28006378,CPR INF-PRI-SEC,SANTA ANA Y SAN RAFAEL,"Calle Del Doctor Esquerdo, 53 ",Madrid,Salamanca,28028,915738015,915044589,Privado Concertado,Madrid-Capital,http://www.sasr.es
2615,Madrid-Capital,28011428,CPR INF-PRI-SEC,SANTA BEATRIZ DE SILVA,"Calle De Alfonso Martínez Conde, 4 ",Madrid,Carabanchel,28025,915607943,915607943,Privado Concertado,Madrid-Capital,http://www.educa.madrid.org/cc.santabeatrizdesilva.madrid
2616,Madrid-Capital,28014363,CPR INF-PRI-SEC,SANTA CATALINA DE SENA,"Avenida De Alfonso Xiii, 160 ",Madrid,Chamartín,28016,913595605,913452335,Privado Concertado,Madrid-Capital,http://www.educa.madrid.org/cc.santacatalinasena.madrid
2618,Madrid-Capital,28014417,CPR INF-PRI-SEC,SANTA FRANCISCA JAVIER CABRINI,"Calle De Santa Francisca Javier Cabrini, 2 ",Madrid,Hortaleza,28043,913002513,913889463,Privado Concertado,Madrid-Capital,http://www.educa.madrid.org/cc.cabrini.madrid
2619,Madrid-Capital,28009525,CPR INF-PRI-SEC,SANTA GEMA GALGANI,"Calle De Escalona, 59 ",Madrid,Latina,28024,917115093,917117216,Privado Concertado,Madrid-Capital,Sin web
2620,Madrid-Capital,28014454,CPR INF-PRI-SEC,SANTA ISABEL,"Calle De Hortaleza, 77 ",Madrid,Centro,28004,913100916,913194281,Privado Concertado,Madrid-Capital,Sin web
2622,Madrid-Capital,28009586,CPR INF-PRI-SEC,SANTA MARIA,"Calle De Tolosa, 6 ",Madrid,Usera,28041,913415193,913418780,Privado Concertado,Madrid-Capital,http://www.santamariamadrid.es
2623,Madrid-Capital,28011921,CPR INF-PRI-SEC,SANTA MARIA DE LA HISPANIDAD,"Calle Del Vizconde De Uzqueta, 23 ",Madrid,Hortaleza,28042,917412584,917410115,Privado Concertado,Madrid-Capital,http://www.educa.madrid.org/cc.smdelahispanidad.madrid
2626,Madrid-Capital,28009653,CPR INF-PRI-SEC,SANTA MARIA DE LOS PINOS,"Calle De Angelillo, 9 ",Madrid,Puente de Vallecas,28018,917783490,917783490,Privado Concertado,Madrid-Capital,http://colegiosantamariadelospinos.es/
2627,Madrid-Capital,28014491,CPR INF-PRI-SEC,SANTA MARIA DEL BOSQUE,"Calle De La Gaviota, 14 ",Madrid,Carabanchel,28025,915250000,915250899,Privado Concertado,Madrid-Capital,Sin web
2628,Madrid-Capital,28014508,CPR INF-PRI-SEC,SANTA MARIA DEL CARMEN,"Calle De Los Misterios, 38 ",Madrid,Ciudad Lineal,28027,913774569,913671792,Privado Concertado,Madrid-Capital,http://www.educa.madrid.org/cc.smcarmen.madrid
2629,Madrid-Capital,28009641,CPR INF-PRI-SEC,SANTA MARIA DEL PILAR,"Calle De Los Reyes Magos, 3 ",Madrid,Retiro,28009,915738007,915040724,Privado Concertado,Madrid-Capital,http://www.smpilar.es
2630,Madrid-Capital,28020417,CPR INF-PRI-SEC,SANTA MARIA DEL YERMO,"Calle De Gaztambide, 91 ",Madrid,Chamberí,28003,915492917,915499326,Privado Concertado,Madrid-Capital,http://www.educa.madrid.org/cc.yermo.madrid
2631,Madrid-Capital,28069297,CPR INF-PRI-SEC,SANTA MARIA LA BLANCA,"Calle De Monasterio De Oseira, S/n ",Madrid,Fuencarral-El Pardo,28049,917508692,917508636,Privado Concertado,Madrid-Capital,http://www.colegiosantamarialablanca.com/
2632,Madrid-Capital,28008922,CPR INF-PRI-SEC,SANTA MARIA MICAELA,"Calle Vía Carpetana, 105 ",Madrid,Carabanchel,28047,914661300,914662099,Privado Concertado,Madrid-Capital,http://www.educa.madrid.org/cc.smmicaela.madrid
2633,Madrid-Capital,28010448,CPR INF-PRI-SEC,SANTA RAFAELA MARIA,"Calle De Santa Rafaela María Del Sagrado Corazón, 112 ",Madrid,Puente de Vallecas,28053,917858014,917852638,Privado Concertado,Madrid-Capital,http://www.educa.madrid.org/cc.santarafaelamaria.madrid
2634,Madrid-Capital,28014533,CPR INF-PRI-SEC,SANTA RITA,"Calle De Eugenia De Montijo, 53 ",Madrid,Carabanchel,28025,914628683,914618210,Privado Concertado,Madrid-Capital,http://www.colegiosantarita.es
2635,Madrid-Capital,28043077,CPR INF-PRI-SEC,SANTA SUSANA,"Calle De Pedro Heredia, 28 ",Madrid,Salamanca,28028,917260357,917252056,Privado Concertado,Madrid-Capital,http://www.santasusana.corazonistas.madrid
2639,Madrid-Capital,28009793,CPR INF-PRI-SEC,SANTISIMO SACRAMENTO,"Calle De Arturo Soria, 208 ",Madrid,Ciudad Lineal,28043,914135938,915100216,Privado Concertado,Madrid-Capital,http://www.educa.madrid.org/cc.ssacramento.madrid
2640,Madrid-Capital,28009801,CPR INF-PRI-SEC,SANTO ANGEL DE LA GUARDA,"Calle De Villuercas, 4 ",Madrid,Puente de Vallecas,28053,917855661,915074266,Privado Concertado,Madrid-Capital,http://www.educa.madrid.org/cc.sangelguarda.madrid
2641,Madrid-Capital,28009823,CPR INF-PRI-SEC,SANTO ANGEL DE LA GUARDA,"Calle De Alcalá, 587 ",Madrid,San Blas-Canillejas,28022,917416154,917423505,Privado Concertado,Madrid-Capital,www.colegiosantoangelmadrid.es
2642,Madrid-Capital,28014648,CPR INF-PRI-SEC,SANTO DOMINGO,"Glorieta Del Presidente García Moreno, 3 ",Madrid,Moncloa-Aravaca,28003,915332420,915536814,Privado Concertado,Madrid-Capital,Sin web
2644,Madrid-Capital,28017182,CPR INF-PRI-SEC,SIGLO XXI,"Calle De Lituania, 8 ",Madrid,Moratalaz,28030,914375000,914374493,Privado Concertado,Madrid-Capital,http://www.colegiosigloxxi.org
2645,Madrid-Capital,28015100,CPR INF-PRI-SEC,STELLA MARIS,"Calle De Arturo Soria, 71 ",Madrid,Ciudad Lineal,28027,913672004,913672002,Privado Concertado,Madrid-Capital,http://www.educa.madrid.org/cc.stellamaris.madrid
2646,Madrid-Capital,28011908,CPR INF-PRI-SEC,TAJAMAR,"Calle De Pío Felipe, 12 ",Madrid,Puente de Vallecas,28038,914772500,914782036,Privado Concertado,Madrid-Capital,Sin web
2647,Madrid-Capital,28064408,CPR INF-PRI-SEC,TIMON,"Calle De Rusia, 11 ",Madrid,San Blas-Canillejas,28022,915346935,915358310,Privado Concertado,Madrid-Capital,http://www.educa.madrid.org/ cc.timon.madrid
2649,Madrid-Capital,28022335,CPR INF-PRI-SEC,TRABENCO,"Calle De La Reguera De Tomateros, 103 ",Madrid,Puente de Vallecas,28053,917856368,915079149,Privado Concertado,Madrid-Capital,http://www.educa.madrid.org/cc.trabenco.madrid
2650,Madrid-Capital,28058135,CPR INF-PRI-SEC,TRES OLIVOS,"Calle De Casildea De Vandalia, 3 ",Madrid,Fuencarral-El Pardo,28034,917355160,917352333,Privado Concertado,Madrid-Capital,Sin web
2652,Madrid-Capital,28015495,CPR INF-PRI-SEC,VALDELUZ,"Calle De Fermín Caballero, 53 ",Madrid,Fuencarral-El Pardo,28034,913780099,917387975,Privado Concertado,Madrid-Capital,http://www.educa.madrid.org/cc.valdeluz.madrid
2653,Madrid-Capital,28006457,CPR INF-PRI-SEC,VEDRUNA,"Calle De Santa Joaquina De Vedruna, 3 ",Madrid,Villaverde,28021,917983716,917976752,Privado Concertado,Madrid-Capital,http://villaverde.vedruna1826.org
2654,Madrid-Capital,28014867,CPR INF-PRI-SEC,VEDRUNA,"Calle Del Espinar, 41 ",Madrid,Carabanchel,28025,914650109,915257505,Privado Concertado,Madrid-Capital,http://carabanchel@vedruna1826.org
2658,Madrid-Capital,28014910,CPR INF-PRI-SEC,VIRGEN DE ATOCHA,"Avenida De La Ciudad De Barcelona, 1 ",Madrid,Retiro,28007,915524804,915529643,Privado Concertado,Madrid-Capital,http://www.atocha.fesd.es
2664,Madrid-Capital,28013395,CPR INF-PRI-SEC,WISDOM SCHOOL MADRID,"Calle De José Rodríguez Pinilla, 12 ",Madrid,Chamartín,28016,913595027,913508186,Privado Concertado,Madrid-Capital,http://www.wisdomchool.es
2665,Madrid-Capital,28040520,CPR INF-PRI-SEC,ZAZUAR,"Calle De Zazuar, 17 ",Madrid,Villa de Vallecas,28031,913314845,913314902,Privado Concertado,Madrid-Capital,http://www.educa.madrid.org/cc.zazuar.madrid
2669,Madrid-Capital,28073276,CPR PRI-SEC,BROTMADRID,"Calle Del General Romero Basart, 88 ",Madrid,Latina,28044,917107865,917057394,Privado Concertado,Madrid-Capital,http://www.colegiobrotmadrid.es
2670,Madrid-Capital,28067501,CPR PRI-SEC,C.R.E. ANTONIO VICENTE MOSQUETE,Avenida Del Doctor García Tapia C/v A C/ Oberón ,Madrid,Moratalaz,28030,913535628,913535640,Privado Concertado,Madrid-Capital,http://www.educa.madrid.org/cc.avicentemosquete.madrid
2673,Madrid-Capital,28012111,CPR PRI-SEC,HISPANO ALEMAN,"Calle De Serrano, 186 ",Madrid,Chamartín,28002,915635563,915627768,Privado Concertado,Madrid-Capital,http://www.colegiohispanoaleman.com
2675,Madrid-Capital,28014107,CPR PRI-SEC,SAN JOSE DE BEGOÑA,"Calle De Marcos De Orueta, 15 ",Madrid,Fuencarral-El Pardo,28034,913584136,913340065,Privado Concertado,Madrid-Capital,http://www.educa.madrid.org/cc.sanjosebegona.madrid
2676,Madrid-Capital,28027931,CPR PRI-SEC,SAN JUAN GARCIA,"Calle De Camarena, 57 ",Madrid,Latina,28047,917198710,917198711,Privado Concertado,Madrid-Capital,http://www.madrid.colegiostrinitarios.com
2677,Madrid-Capital,28009604,CPR PRI-SEC,SANTA MARIA DE LOS APOSTOLES,"Plaza De La Grosella, 4 ",Madrid,Carabanchel,28044,914627411,915251551,Privado Concertado,Madrid-Capital,http://www.educa.madrid.org/cc.apostoles.madrid
2678,Madrid-Capital,28014651,CPR PRI-SEC,SANTO DOMINGO SAVIO,"Calle De Santo Domingo Savio, 2 ",Madrid,Ciudad Lineal,28017,913683100,913689067,Privado Concertado,Madrid-Capital,http://www.educa.madrid.org/cc.santodomingosavio.madrid
3584,Madrid-Capital,28043089,CPRIEPA,ACADEMIA TOAN,"Calle De José Arcones Gil, 13 ",Madrid,Ciudad Lineal,28017,913675461,-,Privado,Madrid-Capital,Sin web
3585,Madrid-Capital,28059425,CPRIEPA,"CEN-TALLER NORTE JOVEN,VILLA DE VALLECAS","Calle De Peña Veiga, S/n ",Madrid,Villa de Vallecas,28031,917787095,917785046,Privado,Madrid-Capital,Sin web
3586,Madrid-Capital,28062485,CPRIEPA,CENTRO BOBATH DE EDUCACION DE ADULTOS,"Calle Del Mirador De La Reina, 115 ",Madrid,Fuencarral-El Pardo,28035,913767190,913763588,Privado,Madrid-Capital,http://www.fundaciónbobath.org
3587,Madrid-Capital,28067835,CPRIEPA,"CENTRO POLITECNICO A DISTANCIA Y EDITORIAL CPD, S.L.","Calle De Sangenjo, 34 ",Madrid,Fuencarral-El Pardo,28034,913781432,917390931,Privado,Madrid-Capital,http://www.cpd.es
3588,Madrid-Capital,28067306,CPRIEPA,CICA,"Calle De Eduardo Rivas, 10-12 ",Madrid,Carabanchel,28019,913721506,917350393,Privado,Madrid-Capital,Sin web
3589,Madrid-Capital,28073665,CPRIEPA,"EDUCACION, CULTURA Y SOLIDARIDAD","Calle De Paterna, 49-55 ",Madrid,Villaverde,28021,634270147,-,Privado,Madrid-Capital,Sin web
3590,Madrid-Capital,28061092,CPRIEPA,ESCUELA POPULAR DE PROSPERIDAD,"Calle De Luis Cabrera, 19 ",Madrid,Chamartín,28002,915627019,-,Privado,Madrid-Capital,Sin web
3591,Madrid-Capital,28077531,CPRIEPA,INAV,"Calle De José Abascal, 55 ",Madrid,Chamberí,28003,918280149,-,Privado,Madrid-Capital,www.inav.es
3592,Madrid-Capital,28042565,CPRIEPA,NAZARET,"Calle De Cuart De Poblet, 6 ",Madrid,Latina,28047,914654789,0,Privado,Madrid-Capital,Sin web
3593,Madrid-Capital,28036802,CPRIEPA,PRACTIVOX,"Calle De Atocha, 93 ",Madrid,Centro,28014,913690029,914291408,Privado,Madrid-Capital,http://www.practivox.net
3594,Madrid-Capital,28061031,CPRIEPA,RADIO ECCA,"Calle De Los Hermanos Álvarez Quintero, 2 ",Madrid,Centro,28004,915930990,914474045,Privado,Madrid-Capital,http://www.radioeccamadrid.org
3596,Madrid-Capital,28018769,CPR ES,ARIES,"Calle De Núñez De Balboa, 10 ",Madrid,Salamanca,28001,914317414,914316088,Privado,Madrid-Capital,http://www.academiaaries.com
3597,Madrid-Capital,28078213,CPR ES,CAMPUS FP ATOCHA,"Calle De Sebastián Herrera, 14 ",Madrid,Arganzuela,28012,911833122,-,Privado,Madrid-Capital,Sin web
3599,Madrid-Capital,28040416,CPR ES,CENTRO DE FORMACION Y CAPACITACION SOPEÑA MADRID,"Calle Del Arroyo Del Olivar, 10 ",Madrid,Puente de Vallecas,28053,914775995,914780975,Privado,Madrid-Capital,http://www.sopenamadrid.org
3601,Madrid-Capital,28020491,CPR ES,COLEGIO CEU SAN PABLO DE CLAUDIO COELLO,"Calle De Martín De Los Heros, 60 ",Madrid,Salamanca,28008,915615240,915614809,Privado,Madrid-Capital,Sin web
3603,Madrid-Capital,28021781,CPR ES,CUMBRE,"Calle De Costa Rica, 25 ",Madrid,Chamartín,28016,913592584,-,Privado,Madrid-Capital,Sin web
3604,Madrid-Capital,28019907,CPR ES,DARIO ESTUDIO,"Calle Gran Vía, 63 ",Madrid,Centro,28013,915411515,-,Privado,Madrid-Capital,https://www.darioestudio.es
3605,Madrid-Capital,28018897,CPR ES,DIAZ BALAGUER,"Calle De Fernando El Católico, 77 ",Madrid,Chamberí,28015,915443520,915498168,Privado,Madrid-Capital,www.diaz-balaguer.es
3606,Madrid-Capital,28030745,CPR ES,FOMENTO-FUNDACION,"Calle Del Padre Claret, 23 ",Madrid,Chamartín,28002,914134125,-,Privado,Madrid-Capital,Sin web
3607,Madrid-Capital,28079795,CPR ES,GLOBAL COLLEGE,"Calle De Castellón De La Plana, 8 ",Madrid,Chamartín,28006,-,-,Privado,Madrid-Capital,Sin web
3608,Madrid-Capital,28021719,CPR ES,GUZMAN EL BUENO,"Calle De Eugenio Salazar, 15 ",Madrid,Chamartín,28002,914150495,914167641,Privado,Madrid-Capital,http://www.guzmanelbueno.es
3611,Madrid-Capital,28012706,CPR ES,MARIN AMAT,"Calle De Fuencarral, 95 ",Madrid,Centro,28004,914488971,914488971,Privado,Madrid-Capital,Sin web
3612,Madrid-Capital,28074785,CPR ES,NUEVO VELAZQUEZ,"Calle De Rosa Jardón, 9 ",Madrid,Chamartín,28016,915616255,912900431,Privado,Madrid-Capital,http:// http://www.colegiovelazquez.es
3614,Madrid-Capital,28062394,CPR ES,SANTA ANA,"Avenida De Alfonso Xiii, 162 ",Madrid,Chamartín,28016,913459060,-,Privado,Madrid-Capital,www.stannesmadrid.com
3615,Madrid-Capital,28063738,CPR ES,SEMIN.MENOR ARZ.LA INMACULADA Y S.DAMASO,"Plaza De San Francisco, 5 ",Madrid,Centro,28005,913641734,913540311,Privado,Madrid-Capital,Sin web
3616,Madrid-Capital,28041913,CPR ES,T.E.M.S.,"Calle De La Salle, 23 ",Madrid,Moncloa-Aravaca,28023,913572667,-,Privado,Madrid-Capital,http://www.englishmontessorischool.com
3617,Madrid-Capital,28018988,CPR ES,VOX,"Calle Gran Vía, 59 ",Madrid,Centro,28013,915471763,915472753,Privado,Madrid-Capital,Sin web
3618,Madrid-Capital,28078225,CP FPE,CENTRO DE FORMACIÓN TÉCNICO SANITARIA GREGORIO MARAÑON,"Calle Del Doctor Esquerdo, 46 ",Madrid,Retiro,28007,-,-,Privado,Madrid-Capital,Sin web
3619,Madrid-Capital,28060580,CP FPE,ESCUELA DE FORMACION ESPEC. IMAGEN DIAG. HOSPITAL CLINICO SAN CARLOS,"Calle Del Profesor Martín Lagos, S/n ",Madrid,Moncloa-Aravaca,28040,913303583,913303580,Privado,Madrid-Capital,http://www.educa.madrid.org/fpe.hospitalclinico.madrid
3621,Madrid-Capital,28080712,CPR FPE,ACADEF ATOCHA,"Calle De La Condesa Vega Del Pozo, 28 ",Madrid,-,28032,-,-,Privado,Madrid-Capital,Sin web
3625,Madrid-Capital,28080256,CPR FPE,ACADEF FP ARTURO SORIA,"Calle Del Duque De Tamames, 9 ",Madrid,Ciudad Lineal,28043,-,-,Privado,Madrid-Capital,Sin web
3627,Madrid-Capital,28021604,CPR FPE,AFUERA I,"Plaza De Santa Ana, 13 ",Madrid,Centro,28012,914295151,914296406,Privado,Madrid-Capital,http://www.centroafuera.es
3630,Madrid-Capital,28080797,CPR FPE,CAMPUES FP ARTURO SORIA-ESATUR,"Calle De Asura, 40 ",Madrid,Hortaleza,28043,-,-,Privado,Madrid-Capital,Sin web
3631,Madrid-Capital,28078811,CPR FPE,CAMPUS DENTAL MADRID,"Calle De Colombia, 53 ",Madrid,Chamartín,28016,911457575,-,Privado,Madrid-Capital,www.campusdental.es
3637,Madrid-Capital,28080724,CPR FPE,CDP ALBOR MADRID,"Avenida De Carondelet, 35 ",Madrid,Hortaleza,28043,-,-,Privado,Madrid-Capital,Sin web
3638,Madrid-Capital,28074396,CPR FPE,CENP - FP,"Calle De Joaquín María López, 60bis ",Madrid,Chamberí,28015,914484841,-,Privado,Madrid-Capital,Sin web
3639,Madrid-Capital,28065590,CPR FPE,CENTRO BOBATH DE FORMACION PROFESIONAL,"Calle Del Mirador De La Reina, 115 ",Madrid,Fuencarral-El Pardo,28035,913767190,913763588,Privado,Madrid-Capital,Sin web
3640,Madrid-Capital,28046169,CPR FPE,CENTRO DE ESTUDIOS FINANCIEROS,"Calle De Viriato, 52 ",Madrid,Chamberí,28010,914444920,-,Privado,Madrid-Capital,Sin web
3641,Madrid-Capital,28079990,CPR FPE,CENTRO DE ESTUDIOS PROFESIONALES ALMAGRO,"Calle De Almagro, 25 ",Madrid,Chamberí,28010,918153131,-,Privado,Madrid-Capital,https://www.ucjc.edu/formacion-profesional/
3643,Madrid-Capital,28076988,CPR FPE,CENTRO DE ESTUDIOS PROFESIONALES DE LA UNIVERSIDAD CAMILO JOSE CELA.CENTRO FERRAZ,"Calle De Quintana, 21 ",Madrid,Moncloa-Aravaca,28008,-,-,Privado,Madrid-Capital,Sin web
3645,Madrid-Capital,28079552,CPR FPE,CENTRO DE ESTUDIOS SUPERIORES GMQ,"Calle De Luis De Salazar, 9 ",Madrid,Chamartín,28002,699543275,-,Privado,Madrid-Capital,www.gmqtech.es
3647,Madrid-Capital,28077798,CPR FPE,CENTRO DE ESTUDIOS SUPERIORES PROFESIONALES IMF,"Calle De Bernardino Obregón, 25 ",Madrid,Arganzuela,28012,913645157,913664048,Privado,Madrid-Capital,centroestudiosprofesionales.com
3653,Madrid-Capital,28078237,CPR FPE,CENTRO DE FORMACION DINAMICA,"Calle De Babilonia, 19 ",Madrid,Barajas,28042,-,-,Privado,Madrid-Capital,Sin web
3654,Madrid-Capital,28080281,CPR FPE,CENTRO DE FORMACION PROFESIONAL CCC,"Calle De Albasanz, 9 ",Madrid,San Blas-Canillejas,28037,910013348,-,Privado,Madrid-Capital,Sin web
3655,Madrid-Capital,28080438,CPR FPE,CENTRO DE FORMACION PROFESIONAL CCC II,"Calle De Albasanz, 12 ",Madrid,San Blas-Canillejas,28037,910013363,-,Privado,Madrid-Capital,Sin web
3657,Madrid-Capital,28076411,CPR FPE,CENTRO DE FORMACIÓN PROFESIONAL FUNDACIÓN LABORAL DE LA CONSTRUCCIÓN MADRID,"Calle De Rivas, 25 ",Madrid,Vicálvaro,28052,910506966,-,Privado,Madrid-Capital,Sin web
3658,Madrid-Capital,28031592,CPR FPE,CENTRO DE FORMACION TECNICA,"Calle De Carretas, 14 ",Madrid,Centro,28012,915211939,915317966,Privado,Madrid-Capital,www.cenfortec.es
3660,Madrid-Capital,28045748,CPR FPE,CENTRO EUROPEO DE ESTUDIOS PROFESIONALES,"Paseo De Extremadura, 33 ",Madrid,Latina,28011,915266116,915262294,Privado,Madrid-Capital,http://www.grupoceep.com
3661,Madrid-Capital,28076150,CPR FPE,CENTRO MESENA,"Calle De Emeterio Castaños, 11 ",Madrid,Hortaleza,28033,-,-,Privado,Madrid-Capital,Sin web
3664,Madrid-Capital,28075901,CPR FPE,CENTRO SUPERIOR DE HOSTELERIA DEL MEDITERRANEO,"Paseo De La Ermita Del Santo, 48 ",Madrid,Latina,28011,910101487,-,Privado,Madrid-Capital,http://www.cshm.es
3665,Madrid-Capital,28077555,CPR FPE,CENTRO SUPERIOR DE INNOVACIÓN Y DESARROLLO CHF,"Calle De Los Pirineos, 55 ",Madrid,Moncloa-Aravaca,28040,911440632,913115193,Privado,Madrid-Capital,www.csinnovacionydesarrollo-chf.com
3666,Madrid-Capital,28046911,CPR FPE,"CES, ESCUELA SUPERIOR DE IMAGEN Y SONIDO","Calle De Mar Adriático, 11 ",Madrid,Hortaleza,28033,917250000,917269910,Privado,Madrid-Capital,http://www.escuelaces.com
3667,Madrid-Capital,28079345,CPR FPE,CESUR MADRID PLAZA ELIPTICA,"Calle De Santa Lucrecia, 11 ",Madrid,Carabanchel,28019,918192018,-,Privado,Madrid-Capital,http://www.cesurformacion.com
3668,Madrid-Capital,28077786,CPR FPE,CESUR OPEN,"Calle De La Gavia Seca, 15 ",Madrid,Villa de Vallecas,28031,952122500,-,Privado,Madrid-Capital,http://www.cesurformacion.com/
3671,Madrid-Capital,28060087,CPR FPE,CESUR-MADRID,"Calle De Luis Cabrera, 63 ",Madrid,Chamartín,28002,913005958,914167223,Privado,Madrid-Capital,http://www.cesurformacion.com
3672,Madrid-Capital,28075716,CPR FPE,CESUR-MADRID II,"Calle De Albarracín, 27 ",Madrid,San Blas-Canillejas,28037,914400000,914167223,Privado,Madrid-Capital,http://www.cesurformacion.com
3674,Madrid-Capital,28048919,CPR FPE,CEU-INSTITUTO SUPERIOR DE ESTUDIOS PROFESIONALES,"Calle De Los Pirineos, 55 ",Madrid,Moncloa-Aravaca,28040,915447040,915492367,Privado,Madrid-Capital,www.isepceu.es
3675,Madrid-Capital,28049912,CPR FPE,CEV CENTRO DE ESTUDIOS DEL VIDEO,"Calle De Gaztambide, 65 ",Madrid,Chamberí,28015,918232771,-,Privado,Madrid-Capital,Sin web
3676,Madrid-Capital,28074682,CPR FPE,CODESA,"Calle De Diego De León, 34 ",Madrid,Salamanca,28006,914318519,-,Privado,Madrid-Capital,http://www.centro-codesa.com
3678,Madrid-Capital,28056141,CPR FPE,C.RECURSOS COM.SORDA JUAN LUIS MARROQUIN,"Calle De Las Islas Aleutianas, 28 ",Madrid,Fuencarral-El Pardo,28035,913768560,913768564,Privado,Madrid-Capital,Sin web
3679,Madrid-Capital,28073446,CPR FPE,CRUZ ROJA ESPAÑOLA,"Calle De Rafael Villa, S/n ",Madrid,Moncloa-Aravaca,28023,913609676,-,Privado,Madrid-Capital,http://www.cruzrojafp.es
3681,Madrid-Capital,28077518,CPR FPE,EDIX,"Calle De Bruno Abundez, 48 ",Madrid,Puente de Vallecas,28031,917873991,-,Privado,Madrid-Capital,https://institutotecnologico.edix.com
3683,Madrid-Capital,28061079,CPR FPE,ESCUELA INTERNACIONAL DE CIENCIAS DE LA SALUD,"Calle De La Fuente Del Rey, 2 ",Madrid,Moncloa-Aravaca,28023,910228603,-,Privado,Madrid-Capital,www.escuelacienciassalud.com
3684,Madrid-Capital,28076903,CPR FPE,ESCUELA INTERNACIONAL DE PROTOCOLO,"Calle De Los Vascos, 17 ",Madrid,Moncloa-Aravaca,28040,913101803,-,Privado,Madrid-Capital,http://www.protocolo.com
3685,Madrid-Capital,28075662,CPR FPE,ESCUELA PROFESIONAL DON BOSCO,"Calle De María Auxiliadora, 9 ",Madrid,Moncloa-Aravaca,28040,914500472,913980250,Privado,Madrid-Capital,https://www.escuelaprofesionaldonbosco.com/
3686,Madrid-Capital,28078791,CPR FPE,ESCUELA PROFESIONAL IEM,"Calle Del Conde Del Serrallo, 6 ",Madrid,Tetuán,28029,914561216,-,Privado,Madrid-Capital,www.eepigroup.es
3687,Madrid-Capital,28049237,CPR FPE,ESCUELA SUPERIOR DE FORMACION,"Calle Del Doctor Esquerdo, 160 ",Madrid,Retiro,28007,917680212,-,Privado,Madrid-Capital,www.esf.es
3688,Madrid-Capital,28040647,CPR FPE,ESCUELA TECNICA DE ENSEÑANZAS ESPECIALIZADAS,"Calle De Adela Balboa, 16 ",Madrid,Tetuán,28039,915347084,915345111,Privado,Madrid-Capital,Sin web
3689,Madrid-Capital,28080323,CPR FPE,ESDIP ESCUELA DE ARTE,"Calle De Santa Engracia, 122 ",Madrid,Chamberí,28003,913994639,-,Privado,Madrid-Capital,www.esdip.com
3691,Madrid-Capital,28076459,CPR FPE,ESTEC-ESCUELA SUPERIOR DE TECNOLOGÍA,"Calle Del Moscatelar, 10-12 ",Madrid,Hortaleza,28043,910494747,-,Privado,Madrid-Capital,http://www.esne.es
3692,Madrid-Capital,28075017,CPR FPE,FEDA MADRID,"Avenida De Burgos, 12 ",Madrid,Chamartín,28036,-,-,Privado,Madrid-Capital,Sin web
3695,Madrid-Capital,28078420,CPR FPE,FP MADRID ALUCHE,"Avenida Poblados, S/n ",Madrid,Carabanchel,28047,911766620,-,Privado,Madrid-Capital,www.tafadmadrid.es
3698,Madrid-Capital,28074992,CPR FPE,FP MADRID VILLAVERDE,"Calle Transversal Sexta, 17 ",Madrid,Villaverde,28021,911766620,-,Privado,Madrid-Capital,www.tafadmadrid.es
3699,Madrid-Capital,28080694,CPR FPE,FP SUMMA,"Calle Del Cidro, 7 ",Madrid,Carabanchel,28044,-,-,Privado,Madrid-Capital,Sin web
3703,Madrid-Capital,28074803,CPR FPE,GRUPO CTO CENTRO DE FORMACION,"Calle De Francisco Silvela, 106 ",Madrid,Chamartín,28002,917824330,917824343,Privado,Madrid-Capital,http://www.grupocto.es
3704,Madrid-Capital,28080219,CPR FPE,GUZMAN EL BUENO II,"Calle Del Pez Volador (real Canoe Natación Club), 30 ",Madrid,Retiro,28007,-,-,Privado,Madrid-Capital,Sin web
3705,Madrid-Capital,28080773,CPR FPE,G12 MADRID ADRIAN PULIDO,"Calle Adrián Pulido, 7-9 ",Madrid,Tetuán,28039,-,-,Privado,Madrid-Capital,Sin web
3706,Madrid-Capital,28080441,CPR FPE,HAZERTA,"Calle Del Doctor Gómez Ulla, 24 ",Madrid,Salamanca,28028,918388528,-,Privado,Madrid-Capital,https://fp.hazerta.es/
3707,Madrid-Capital,28076502,CPR FPE,IED MADRID ENSEÑANZAS PROFESIONALES,"Calle De La Flor Alta, 8 ",Madrid,Centro,28004,914480444,-,Privado,Madrid-Capital,www.iedmadrid.com
3709,Madrid-Capital,28077294,CPR FPE,ILERNA MADRID,"Calle De Julián Camarillo, 4 ",Madrid,-,-,910841672,-,Privado,Madrid-Capital,www.ilerna.es
3710,Madrid-Capital,28079606,CPR FPE,INAV FP,"Calle De La Maso, 76 ",Madrid,Fuencarral-El Pardo,28034,606736883,-,Privado,Madrid-Capital,www.inav.es/fp
3711,Madrid-Capital,28078249,CPR FPE,INNOVACION EN FORMACION PROFESIONAL,"Calle De Julián Camarillo, 6 ",Madrid,San Blas-Canillejas,28037,911992560,-,Privado,Madrid-Capital,Sin web
3713,Madrid-Capital,28079679,CPR FPE,INNOVACION EN FORMACION PROFESIONAL II,"Calle De Alcalá, 472 ",Madrid,San Blas-Canillejas,28027,910490928,-,Privado,Madrid-Capital,Sin web
3714,Madrid-Capital,28076514,CPR FPE,INSTEDE FP,"Plaza De Fernández Ladreda, 2 ",Madrid,Usera,28026,-,-,Privado,Madrid-Capital,Sin web
3716,Madrid-Capital,28047356,CPR FPE,INSTITUTO DE FORMACION EMPRESARIAL DE LA CAMARA OFICIAL DE COMERCIO E INDUSTRIA DE MADRID,"Calle De Pedro Salinas, 11 ",Madrid,Ciudad Lineal,28043,915383814,915383803,Privado,Madrid-Capital,http://www.camaramadrid.es
3717,Madrid-Capital,28075455,CPR FPE,INSTITUTO DE FORMACION PROFESIONAL CEAC,"Calle De Joaquín Costa, 41 ",Madrid,Chamartín,28002,914487575,-,Privado,Madrid-Capital,Sin web
3719,Madrid-Capital,28080426,CPR FPE,INSTITUTO NEBRIJA DE ENSEÑANZA PROFESIONAL,"Calle Joaquín María López, 60-62 ",Madrid,Chamberí,28015,-,-,Privado,Madrid-Capital,Sin web
3720,Madrid-Capital,28025919,CPR FPE,INSTITUTO RADIO TELEVISION ESPAÑOLA (INSTITUTO RTVE),"Carretera De La Dehesa De La Villa, S/n ",Madrid,Moncloa-Aravaca,28040,915817654,915817581,Privado,Madrid-Capital,http://www.rtve.es/instituto
3724,Madrid-Capital,28074323,CPR FPE,INSTITUTO TECNICO DE ESTUDIOS PROFESIONALES,"Calle De Mendívil, 6 ",Madrid,Puente de Vallecas,28038,914732421,914746670,Privado,Madrid-Capital,http://www.itep.es
3726,Madrid-Capital,28075030,CPR FPE,INSTITUTO TECNICO DE ESTUDIOS PROFESIONALES II,"Calle De Francisco Iglesias, 17 ",Madrid,Puente de Vallecas,28038,914732421,-,Privado,Madrid-Capital,http://www.itep.es
3728,Madrid-Capital,28062084,CPR FPE,INSTITUTO VOX,"Calle De Guzmán El Bueno, 115b ",Madrid,Chamberí,-,-,-,Privado,Madrid-Capital,Sin web
3729,Madrid-Capital,28075911,CPR FPE,INTERNATIONAL SCHOOL OF EVENT MANAGEMENT Y COMMUNICATION ISEMCO,"Calle Del Moscatelar, 23 ",Madrid,Hortaleza,28043,915153314,-,Privado,Madrid-Capital,www.isemco.eu
3730,Madrid-Capital,28076186,CPR FPE,LA SALLE FORMACION PROFESIONAL ARAVACA,"Calle De La Salle, 8 ",Madrid,Moncloa-Aravaca,28023,917401980,913571730,Privado,Madrid-Capital,Sin web
3734,Madrid-Capital,28078948,CPR FPE,LIDER SYSTEM FP MADRID RIO,"Avenida De La Emperatriz Isabel, 5 ",Madrid,Carabanchel,28019,917655081,-,Privado,Madrid-Capital,www.fplidersystem.es
3736,Madrid-Capital,28080669,CPR FPE,LINKIA FP MADRID,"Calle De Albarracín (edificio A), 34 ",Madrid,San Blas-Canillejas,28037,-,-,Privado,Madrid-Capital,Sin web
3737,Madrid-Capital,28079761,CPR FPE,LYCEUM MADRID,"Calle De Salcedo, 10 ",Madrid,Fuencarral-El Pardo,28034,-,-,Privado,Madrid-Capital,Sin web
3738,Madrid-Capital,28077580,CPR FPE,MADRID EEP,"Calle De Torrelaguna, 123 ",Madrid,Ciudad Lineal,-,912919313,-,Privado,Madrid-Capital,www.eep-madrid.es
3739,Madrid-Capital,28077373,CPR FPE,MAGISTER,"Avenida Del Doctor Federico Rubio Y Galí, 1 ",Madrid,Tetuán,28039,-,-,Privado,Madrid-Capital,Sin web
3743,Madrid-Capital,28080529,CPR FPE,MOM CULINARY INSTITUTE BY PACO RONCERO & CHA,"Calle De Serrano, 95 ",Madrid,Chamartín,28006,-,-,Privado,Madrid-Capital,Sin web
3744,Madrid-Capital,28075200,CPR FPE,MOPE,"Paseo Del General Martínez Campos, 20 ",Madrid,Chamberí,28010,917527959,-,Privado,Madrid-Capital,http://www.mope.es
3745,Madrid-Capital,28032833,CPR FPE,"ORGANIZACION PROFESIONAL ESPAÑOLA, OPESA","Calle De Ayala, 111 ",Madrid,Salamanca,28009,914027062,913091342,Privado,Madrid-Capital,http://www.opesafp.com
3747,Madrid-Capital,28064767,CPR FPE,SAN ROMAN ESCUELA DE ESTUDIOS SUPERIORES,"Calle De Montesa, 39 ",Madrid,Salamanca,28006,913092409,-,Privado,Madrid-Capital,Sin web
3748,Madrid-Capital,28075121,CPR FPE,SANROMAN CENTRO INTERNACIONAL DE ESTUDIOS PROFESIONALES,"Calle De Ferrer Del Río, 10 ",Madrid,Salamanca,28028,914232323,-,Privado,Madrid-Capital,Sin web
3750,Madrid-Capital,28079047,CPR FPE,TRAINEK FORMACION PROFESIONAL,"Calle De Mario Roso De Luna, 29 ",Madrid,-,28022,-,-,Privado,Madrid-Capital,Sin web
3751,Madrid-Capital,28080566,CPR FPE,TRAZOS INFOGRAFIA,"Cuesta De San Vicente, 4 ",Madrid,Moncloa-Aravaca,28008,-,-,Privado,Madrid-Capital,Sin web
3752,Madrid-Capital,28080827,CPR FPE,TRAZOS INFOGRAFIA II,"Plaza De España, 11 ",Madrid,Moncloa-Aravaca,28008,-,-,Privado,Madrid-Capital,Sin web
3755,Madrid-Capital,28077117,CPR FPE,VICENTE MOYA PUEYO,"Avenida De La Moncloa, 18 ",Madrid,Moncloa-Aravaca,28003,912551678,-,Privado,Madrid-Capital,fpvicentemoya.es
3756,Madrid-Capital,28079072,CPR FPE,WORKSHOP EXPERIENCE GROUP,"Calle De Alcalá, 182 B ",Madrid,Salamanca,28028,917526765,-,Privado,Madrid-Capital,WWW.WORKSHOPEXPERIENCEGROUP.COM
3758,Madrid-Capital,28006561,CPR INF-PRI-SEC,ALAMEDA DE OSUNA,"Paseo De La Alameda De Osuna, 17 ",Madrid,Barajas,28042,917427011,917427196,Privado,Madrid-Capital,http://www.educa.madrid.org/cpr.alamedadeosuna.madrid
3761,Madrid-Capital,28019737,CPR INF-PRI-SEC,"ALTAIR, COLEGIO INTERNACIONAL","Calle De Joaquín Bau, 4 ",Madrid,Chamartín,28036,913596368,-,Privado,Madrid-Capital,http://www.colegioaltair.com
3763,Madrid-Capital,28029494,CPR INF-PRI-SEC,ARCANGEL RAFAEL,"Calle De Maqueda, 4 ",Madrid,Latina,28024,917119300,-,Privado,Madrid-Capital,http://www.educa.madrid.org/cpr.arcangelrafael.madrid
3765,Madrid-Capital,28009069,CPR INF-PRI-SEC,ARTURO SORIA,"Calle Del Duque De Tamámes, 9 ",Madrid,Ciudad Lineal,28043,914157295,915192532,Privado,Madrid-Capital,http://www.colegioarturosoria.org
3768,Madrid-Capital,28041858,CPR INF-PRI-SEC,BRA-INSTITUCION,"Calle De María Lombillo, 5 ",Madrid,San Blas-Canillejas,28027,917421060,-,Privado,Madrid-Capital,http://www.educa.madrid.org/cpr.brains-marialombillo.madrid
3769,Madrid-Capital,28020077,CPR INF-PRI-SEC,BRISTOL,"Calle De Enrique De Prada, 1 ",Madrid,Hortaleza,28042,917428687,917418207,Privado,Madrid-Capital,Sin web
3773,Madrid-Capital,28068128,CPR INF-PRI-SEC,COLEGIO HIGHLANDS EL ENCINAR,"Calle De San Enrique De Osso, 46 ",Madrid,Hortaleza,28050,916585497,916585241,Privado,Madrid-Capital,Sin web
3775,Madrid-Capital,28079527,CPR INF-PRI-SEC,COLEGIO INGENIO,"Calle De Zenit, 15 ",Madrid,Moncloa-Aravaca,28023,915277106,-,Privado,Madrid-Capital,colegioingenio.com
3780,Madrid-Capital,28021100,CPR INF-PRI-SEC,COLEGIO MADRID PINAR,"Calle De Mesena, 101 ",Madrid,Ciudad Lineal,28033,913020706,-,Privado,Madrid-Capital,wwwmadridcolegio.es
3782,Madrid-Capital,28079485,CPR INF-PRI-SEC,COLEGIO REGGIO,"Calle De San Enrique De Osso, 48 ",Madrid,Hortaleza,28055,-,-,Privado,Madrid-Capital,Sin web
3783,Madrid-Capital,28015124,CPR INF-PRI-SEC,COLEGIO SANTA MARIA DEL CAMINO,"Calle De Peguerinos, 13 ",Madrid,Moncloa-Aravaca,28035,913161347,913737986,Privado,Madrid-Capital,Sin web
3784,Madrid-Capital,28075583,CPR INF-PRI-SEC,ESCUELA IDEO,"Carretera Colmenar Viejo, K.16 ",Madrid,Fuencarral-El Pardo,28048,917523343,916354173,Privado,Madrid-Capital,http://www.escuelaideo.edu.es
3786,Madrid-Capital,28019038,CPR INF-PRI-SEC,ESTUDIO,"Calle De Jimena Menéndez Pidal, 11 ",Madrid,Moncloa-Aravaca,28023,913079432,913071429,Privado,Madrid-Capital,http://www.colegio-estudio.com
3789,Madrid-Capital,28013383,CPR INF-PRI-SEC,HUERFANOS DE LA ARMADA,"Calle De Arturo Soria, 285 ",Madrid,Ciudad Lineal,28033,913124929,913795592,Privado,Madrid-Capital,Sin web
3790,Madrid-Capital,28071656,CPR INF-PRI-SEC,INTERNACIONAL ARAVACA,"Calle De Santa Bernardita, 3 ",Madrid,Moncloa-Aravaca,28023,913571256,911212651,Privado,Madrid-Capital,Sin web
3791,Madrid-Capital,28041196,CPR INF-PRI-SEC,INTERNACIONAL NUEVO CENTRO,"Carretera Toledo A Villaverde, K0.5 ",Madrid,Villaverde,28041,917950161,917950247,Privado,Madrid-Capital,Sin web
3793,Madrid-Capital,28026183,CPR INF-PRI-SEC,JOYFE,"Calle De Vital Aza, 65 ",Madrid,Ciudad Lineal,28017,914082263,-,Privado,Madrid-Capital,http://www.joyfe.es
3795,Madrid-Capital,28022128,CPR INF-PRI-SEC,LAS NACIONES,"Calle De Chicuelo, 17 ",Madrid,Hortaleza,28043,914135276,-,Privado,Madrid-Capital,Sin web
3805,Madrid-Capital,28020272,CPR INF-PRI-SEC,MATER SALVATORIS,"Calle De Valdesquí, 4 ",Madrid,Moncloa-Aravaca,28023,913071243,913571595,Privado,Madrid-Capital,Sin web
3807,Madrid-Capital,28012871,CPR INF-PRI-SEC,MONTEALTO,"Calle De La Maso, 76 ",Madrid,Fuencarral-El Pardo,28034,917388100,917386067,Privado,Madrid-Capital,Sin web
3808,Madrid-Capital,28008351,CPR INF-PRI-SEC,NUESTRA SEÑORA DE LAS MARAVILLAS,"Calle Del Guadalquivir, 9 ",Madrid,Chamartín,28002,917823500,915617261,Privado,Madrid-Capital,http://www.lasallemaravillas.com
3809,Madrid-Capital,28028659,CPR INF-PRI-SEC,NUESTRA SEÑORA DE LORETO,"Calle Del General Aranaz, 66 ",Madrid,San Blas-Canillejas,28027,917430100,917430101,Privado,Madrid-Capital,Sin web
3810,Madrid-Capital,28013413,CPR INF-PRI-SEC,NUESTRA SEÑORA SANTA MARIA,"Ronda De Sobradiel, 80 ",Madrid,Hortaleza,28043,913883202,913883240,Privado,Madrid-Capital,Sin web
3812,Madrid-Capital,28017996,CPR INF-PRI-SEC,PARQUE CONDE DE ORGAZ,"Calle De Gregorio Benítez, 25 ",Madrid,Hortaleza,28043,913001344,913884066,Privado,Madrid-Capital,http://www.montessori.es
3814,Madrid-Capital,28078501,CPR INF-PRI-SEC,REGGIO EXPLORA,"Calle De Quintanapalla, 10 ",Madrid,Fuencarral-El Pardo,28050,910429953,-,Privado,Madrid-Capital,www.reggio.es
3815,Madrid-Capital,28014119,CPR INF-PRI-SEC,SAN JOSE DEL PARQUE,"Avenida De Champagnat, 2 ",Madrid,Hortaleza,28043,913000058,913005918,Privado,Madrid-Capital,http://sanjosedelparque.net
3818,Madrid-Capital,28014511,CPR INF-PRI-SEC,SANTA MARIA DE LOS ROSALES,"Calle De La Virgen De Los Rosales, 1 ",Madrid,Moncloa-Aravaca,28023,913070440,-,Privado,Madrid-Capital,http://www.colegiorosales.es/
3819,Madrid-Capital,28014612,CPR INF-PRI-SEC,SANTO ANGEL,"Calle Del Arroyo Fontarrón, 209 ",Madrid,Moratalaz,28030,917721100,917732675,Privado,Madrid-Capital,http://www.santoangelbritishschool.es
3824,Madrid-Capital,28033035,CPR INF-PRI-SEC,WILLOUGHBY COLLEGE,"Calle De La Macarena, 37 ",Madrid,Chamartín,28016,913599218,913596854,Privado,Madrid-Capital,Sin web
3830,Madrid-Capital,28008715,CPR PRI-SEC,EL PRADO,"Calle De La Costa Brava, 4 ",Madrid,Fuencarral-El Pardo,28034,917355710,917341679,Privado,Madrid-Capital,Sin web
3831,Madrid-Capital,28011891,CPR PRI-SEC,FEM SCHOOL,"Calle De La Loma, 4 ",Madrid,Chamberí,28003,915345073,915541345,Privado,Madrid-Capital,Sin web
3834,Madrid-Capital,28007978,CPR PRI-SEC,MATER CLEMENTISSIMA,"Calle De Antonio Folgueras, 12-20 ",Madrid,Puente de Vallecas,28018,914775628,914771327,Privado,Madrid-Capital,www.materclem.es
3838,Madrid-Capital,28008806,CPR PRI-SEC,RAMON Y CAJAL,"Calle De Arturo Soria, 206 ",Madrid,Ciudad Lineal,28043,914135631,915191424,Privado,Madrid-Capital,Sin web
3840,Madrid-Capital,28009677,CPR PRI-SEC,SANTA MARIA DEL VALLE CEP,"Calle De Vitruvio, 14 ",Madrid,Chamartín,28006,915612093,-,Privado,Madrid-Capital,www.colegiosantamariadelvalle.es
3842,Madrid-Capital,28076927,CPR PRI-SEC,STELLA MARIS COLLEGE & PREP. SCHOOL,"Calle De Valdesquí, 16 ",Madrid,Moncloa-Aravaca,28023,910882353,-,Privado,Madrid-Capital,Sin web
